,0,1,2
0,0.0,0.0,0.0
1,18872.0,0.0,3.0
2,18879.0,0.0,3.0
3,18880.0,0.0,4.0
4,18883.0,0.0,4.0
5,18884.0,0.0,3.0
6,18885.0,0.0,4.0
7,18888.0,0.0,4.0
8,18893.0,0.0,5.0
9,18895.0,0.0,3.0
10,18896.0,0.0,4.0
11,18898.0,0.0,4.0
12,18899.0,0.0,4.0
13,18901.0,0.0,4.0
14,18902.0,0.0,4.0
15,18907.0,0.0,4.0
16,18914.0,0.0,3.0
17,18919.0,0.0,3.0
18,18924.0,0.0,3.0
19,18925.0,0.0,3.0
20,18927.0,0.0,3.0
21,18945.0,0.0,4.0
22,18949.0,0.0,4.0
23,18953.0,0.0,2.0
24,18956.0,0.0,3.0
25,18957.0,0.0,4.0
26,18958.0,0.0,4.0
27,18961.0,0.0,4.0
28,18965.0,0.0,4.0
29,18967.0,0.0,4.0
30,18975.0,0.0,5.0
31,18983.0,0.0,4.0
32,18985.0,0.0,4.0
33,18986.0,0.0,5.0
34,18991.0,0.0,3.0
35,18995.0,0.0,4.0
36,18996.0,0.0,5.0
37,19005.0,0.0,3.0
38,19008.0,0.0,4.0
39,19011.0,0.0,4.0
40,19019.0,0.0,4.0
41,19021.0,0.0,4.0
42,19023.0,0.0,5.0
43,19027.0,0.0,4.0
44,19030.0,0.0,6.0
45,19033.0,0.0,4.0
46,19034.0,0.0,4.0
47,19042.0,0.0,4.0
48,19046.0,0.0,4.0
49,19047.0,0.0,3.0
50,19048.0,0.0,4.0
51,19051.0,0.0,5.0
52,19053.0,0.0,5.0
53,19054.0,0.0,5.0
54,19056.0,0.0,4.0
55,19057.0,0.0,4.0
56,19059.0,0.0,5.0
57,19060.0,0.0,6.0
58,19062.0,0.0,5.0
59,19063.0,0.0,3.0
60,19064.0,0.0,5.0
61,19068.0,0.0,3.0
62,19069.0,0.0,4.0
63,19071.0,0.0,4.0
64,19073.0,0.0,4.0
65,19076.0,0.0,4.0
66,19078.0,0.0,4.0
67,19081.0,0.0,5.0
68,19085.0,0.0,4.0
69,19086.0,0.0,4.0
70,19091.0,0.0,4.0
71,19094.0,0.0,5.0
72,19096.0,0.0,4.0
73,19100.0,0.0,4.0
74,19104.0,0.0,5.0
75,19105.0,0.0,3.0
76,19106.0,0.0,4.0
77,19110.0,0.0,4.0
78,19114.0,0.0,3.0
79,19117.0,0.0,5.0
80,19122.0,0.0,5.0
81,19128.0,0.0,4.0
82,19130.0,0.0,5.0
83,19140.0,0.0,3.0
84,19146.0,0.0,4.0
85,19147.0,0.0,4.0
86,19149.0,0.0,5.0
87,19156.0,0.0,6.0
88,19161.0,0.0,3.0
89,19162.0,0.0,4.0
90,19165.0,0.0,3.0
91,19168.0,0.0,4.0
92,19169.0,0.0,5.0
93,19170.0,0.0,5.0
94,19173.0,0.0,4.0
95,19175.0,0.0,4.0
96,19176.0,0.0,5.0
97,19177.0,0.0,4.0
98,19180.0,0.0,4.0
99,19182.0,0.0,4.0
100,19183.0,0.0,4.0
101,19188.0,0.0,5.0
102,19190.0,0.0,4.0
103,19193.0,0.0,3.0
104,19195.0,0.0,5.0
105,19197.0,0.0,5.0
106,19199.0,0.0,4.0
107,19200.0,0.0,3.0
108,19204.0,0.0,2.0
109,19214.0,0.0,3.0
110,19216.0,0.0,5.0
111,19222.0,0.0,4.0
112,19223.0,0.0,4.0
113,19227.0,0.0,5.0
114,19229.0,0.0,6.0
115,19230.0,0.0,4.0
116,19233.0,0.0,6.0
117,19234.0,0.0,2.0
118,19237.0,0.0,4.0
119,19238.0,0.0,4.0
120,19239.0,0.0,4.0
121,19241.0,0.0,4.0
122,19247.0,0.0,4.0
123,19251.0,0.0,4.0
124,19253.0,0.0,3.0
125,19254.0,0.0,4.0
126,19257.0,0.0,4.0
127,19258.0,0.0,3.0
128,19260.0,0.0,3.0
129,19261.0,0.0,4.0
130,19262.0,0.0,3.0
131,19263.0,0.0,5.0
132,19266.0,0.0,4.0
133,19280.0,0.0,3.0
134,19292.0,0.0,4.0
135,19293.0,0.0,3.0
136,19295.0,0.0,4.0
137,19296.0,0.0,4.0
138,19301.0,0.0,3.0
139,19302.0,0.0,2.0
140,19310.0,0.0,4.0
141,19311.0,0.0,4.0
142,19315.0,0.0,4.0
143,19322.0,0.0,4.0
144,19323.0,0.0,1.0
145,19336.0,0.0,6.0
146,19337.0,0.0,4.0
147,19346.0,0.0,4.0
148,19347.0,0.0,3.0
149,19352.0,0.0,4.0
150,19354.0,0.0,3.0
151,19355.0,0.0,4.0
152,19363.0,0.0,3.0
153,19365.0,0.0,3.0
154,19367.0,0.0,3.0
155,19368.0,0.0,3.0
156,19370.0,0.0,3.0
157,19371.0,0.0,3.0
158,19374.0,0.0,4.0
159,19375.0,0.0,4.0
160,19376.0,0.0,6.0
161,19379.0,0.0,3.0
162,19380.0,0.0,3.0
163,19385.0,0.0,4.0
164,19387.0,0.0,4.0
165,19390.0,0.0,4.0
166,19391.0,0.0,4.0
167,19393.0,0.0,5.0
168,19394.0,0.0,5.0
169,19398.0,0.0,4.0
170,19405.0,0.0,4.0
171,19408.0,0.0,2.0
172,19410.0,0.0,5.0
173,19411.0,0.0,3.0
174,19412.0,0.0,2.0
175,19415.0,0.0,4.0
176,19416.0,0.0,4.0
177,19417.0,0.0,3.0
178,19419.0,0.0,3.0
179,19424.0,0.0,3.0
180,19428.0,0.0,4.0
181,19430.0,0.0,4.0
182,19431.0,0.0,4.0
183,19433.0,0.0,4.0
184,19439.0,0.0,2.0
185,19440.0,0.0,4.0
186,19441.0,0.0,3.0
187,19442.0,0.0,4.0
188,19443.0,0.0,4.0
189,19447.0,0.0,3.0
190,19451.0,0.0,5.0
191,19452.0,0.0,3.0
192,19456.0,0.0,4.0
193,19457.0,0.0,5.0
194,19458.0,0.0,5.0
195,19462.0,0.0,4.0
196,19463.0,0.0,3.0
197,19464.0,0.0,3.0
198,19465.0,0.0,4.0
199,19471.0,0.0,4.0
200,19473.0,0.0,4.0
201,19474.0,0.0,4.0
202,19475.0,0.0,3.0
203,19476.0,0.0,4.0
204,19478.0,0.0,4.0
205,19483.0,0.0,4.0
206,19486.0,0.0,4.0
207,19489.0,0.0,3.0
208,19491.0,0.0,5.0
209,19495.0,0.0,4.0
210,19506.0,0.0,4.0
211,19509.0,0.0,6.0
212,19510.0,0.0,5.0
213,19513.0,0.0,5.0
214,19515.0,0.0,4.0
215,19517.0,0.0,4.0
216,19518.0,0.0,4.0
217,19521.0,0.0,4.0
218,19522.0,0.0,4.0
219,19528.0,0.0,4.0
220,19529.0,0.0,2.0
221,19530.0,0.0,5.0
222,19535.0,0.0,3.0
223,19539.0,0.0,4.0
224,19547.0,0.0,4.0
225,19548.0,0.0,4.0
226,19556.0,0.0,4.0
227,19557.0,0.0,4.0
228,19562.0,0.0,4.0
229,19563.0,0.0,3.0
230,19564.0,0.0,4.0
231,19570.0,0.0,2.0
232,19572.0,0.0,4.0
233,19573.0,0.0,3.0
234,19575.0,0.0,4.0
235,19577.0,0.0,2.0
236,19578.0,0.0,3.0
237,19579.0,0.0,4.0
238,19580.0,0.0,3.0
239,19581.0,0.0,4.0
240,19591.0,0.0,5.0
241,19594.0,0.0,4.0
242,19596.0,0.0,6.0
243,19597.0,0.0,4.0
244,19599.0,0.0,3.0
245,19600.0,0.0,5.0
246,19602.0,0.0,5.0
247,19603.0,0.0,5.0
248,19604.0,0.0,3.0
249,19608.0,0.0,4.0
250,19609.0,0.0,3.0
251,19615.0,0.0,3.0
252,19617.0,0.0,4.0
253,19618.0,0.0,5.0
254,19620.0,0.0,4.0
255,19626.0,0.0,3.0
256,19629.0,0.0,5.0
257,19631.0,0.0,4.0
258,19635.0,0.0,5.0
259,19636.0,0.0,4.0
260,19638.0,0.0,4.0
261,19639.0,0.0,4.0
262,19642.0,0.0,2.0
263,19645.0,0.0,3.0
264,19651.0,0.0,4.0
265,19657.0,0.0,4.0
266,19665.0,0.0,4.0
267,19668.0,0.0,4.0
268,19669.0,0.0,3.0
269,19670.0,0.0,4.0
270,19676.0,0.0,4.0
271,19678.0,0.0,3.0
272,19693.0,0.0,4.0
273,19697.0,0.0,4.0
274,19698.0,0.0,3.0
275,19700.0,0.0,4.0
276,19702.0,0.0,4.0
277,19705.0,0.0,4.0
278,19706.0,0.0,5.0
279,19710.0,0.0,5.0
280,19711.0,0.0,5.0
281,19714.0,0.0,5.0
282,19717.0,0.0,5.0
283,19718.0,0.0,4.0
284,19719.0,0.0,6.0
285,19720.0,0.0,5.0
286,19726.0,0.0,4.0
287,19727.0,0.0,4.0
288,19728.0,0.0,4.0
289,19729.0,0.0,5.0
290,19734.0,0.0,5.0
291,19743.0,0.0,3.0
292,19745.0,0.0,4.0
293,19747.0,0.0,4.0
294,19748.0,0.0,2.0
295,19750.0,0.0,4.0
296,19751.0,0.0,3.0
297,19752.0,0.0,5.0
298,19761.0,0.0,6.0
299,19762.0,0.0,5.0
300,19770.0,0.0,4.0
301,19772.0,0.0,4.0
302,19775.0,0.0,5.0
303,19780.0,0.0,3.0
304,19781.0,0.0,4.0
305,19783.0,0.0,3.0
306,19784.0,0.0,4.0
307,19786.0,0.0,4.0
308,19790.0,0.0,5.0
309,19792.0,0.0,5.0
310,19798.0,0.0,4.0
311,19799.0,0.0,3.0
312,19802.0,0.0,2.0
313,19804.0,0.0,4.0
314,19805.0,0.0,4.0
315,19806.0,0.0,5.0
316,19809.0,0.0,3.0
317,19811.0,0.0,3.0
318,19813.0,0.0,4.0
319,19814.0,0.0,3.0
320,19815.0,0.0,4.0
321,19819.0,0.0,3.0
322,19821.0,0.0,3.0
323,19823.0,0.0,4.0
324,19824.0,0.0,4.0
325,19826.0,0.0,4.0
326,19833.0,0.0,5.0
327,19836.0,0.0,4.0
328,19845.0,0.0,5.0
329,19848.0,0.0,4.0
330,19849.0,0.0,4.0
331,19850.0,0.0,5.0
332,19851.0,0.0,3.0
333,19853.0,0.0,4.0
334,19854.0,0.0,4.0
335,19858.0,0.0,4.0
336,19860.0,0.0,4.0
337,19863.0,0.0,4.0
338,19867.0,0.0,5.0
339,19869.0,0.0,3.0
340,19870.0,0.0,4.0
341,19872.0,0.0,4.0
342,19875.0,0.0,4.0
343,19877.0,0.0,4.0
344,19883.0,0.0,3.0
345,19884.0,0.0,5.0
346,19886.0,0.0,5.0
347,19892.0,0.0,6.0
348,19895.0,0.0,3.0
349,19896.0,0.0,2.0
350,19897.0,0.0,5.0
351,19901.0,0.0,3.0
352,19907.0,0.0,5.0
353,19908.0,0.0,5.0
354,19913.0,0.0,5.0
355,19915.0,0.0,4.0
356,19917.0,0.0,6.0
357,19918.0,0.0,3.0
358,19920.0,0.0,3.0
359,19925.0,0.0,4.0
360,19927.0,0.0,3.0
361,19928.0,0.0,4.0
362,19930.0,0.0,4.0
363,19931.0,0.0,3.0
364,19932.0,0.0,3.0
365,19933.0,0.0,3.0
366,19937.0,0.0,4.0
367,19938.0,0.0,5.0
368,19940.0,0.0,4.0
369,19945.0,0.0,4.0
370,19946.0,0.0,5.0
371,19947.0,0.0,5.0
372,19949.0,0.0,5.0
373,19952.0,0.0,4.0
374,19955.0,0.0,4.0
375,19957.0,0.0,3.0
376,19959.0,0.0,3.0
377,19963.0,0.0,4.0
378,19968.0,0.0,4.0
379,19969.0,0.0,4.0
380,19976.0,0.0,4.0
381,19980.0,0.0,6.0
382,19984.0,0.0,3.0
383,19985.0,0.0,6.0
384,19986.0,0.0,4.0
385,19988.0,0.0,3.0
386,19990.0,0.0,5.0
387,19997.0,0.0,4.0
388,20002.0,0.0,4.0
389,20010.0,0.0,4.0
390,20012.0,0.0,4.0
391,20013.0,0.0,4.0
392,20018.0,0.0,3.0
393,20021.0,0.0,4.0
394,20022.0,0.0,4.0
395,20025.0,0.0,4.0
396,20026.0,0.0,4.0
397,20032.0,0.0,4.0
398,20038.0,0.0,4.0
399,20039.0,0.0,5.0
400,20040.0,0.0,5.0
401,20041.0,0.0,4.0
402,20050.0,0.0,3.0
403,20055.0,0.0,4.0
404,20056.0,0.0,4.0
405,20064.0,0.0,4.0
406,20065.0,0.0,3.0
407,20067.0,0.0,3.0
408,20077.0,0.0,4.0
409,20080.0,0.0,4.0
410,20082.0,0.0,4.0
411,20085.0,0.0,4.0
412,20089.0,0.0,4.0
413,20094.0,0.0,5.0
414,20096.0,0.0,5.0
415,20098.0,0.0,4.0
416,20101.0,0.0,4.0
417,20103.0,0.0,4.0
418,20105.0,0.0,5.0
419,20109.0,0.0,5.0
420,20112.0,0.0,4.0
421,20116.0,0.0,4.0
422,20119.0,0.0,5.0
423,20121.0,0.0,3.0
424,20122.0,0.0,4.0
425,20124.0,0.0,4.0
426,20125.0,0.0,5.0
427,20127.0,0.0,4.0
428,20128.0,0.0,3.0
429,20134.0,0.0,4.0
430,20135.0,0.0,4.0
431,20138.0,0.0,4.0
432,20140.0,0.0,4.0
433,20143.0,0.0,3.0
434,20146.0,0.0,3.0
435,20149.0,0.0,4.0
436,20163.0,0.0,3.0
437,20165.0,0.0,4.0
438,20171.0,0.0,2.0
439,20174.0,0.0,4.0
440,20175.0,0.0,4.0
441,20176.0,0.0,5.0
442,20181.0,0.0,4.0
443,20183.0,0.0,3.0
444,20186.0,0.0,4.0
445,20189.0,0.0,5.0
446,20191.0,0.0,5.0
447,20192.0,0.0,5.0
448,20194.0,0.0,4.0
449,20196.0,0.0,5.0
450,20198.0,0.0,4.0
451,20200.0,0.0,3.0
452,20201.0,0.0,3.0
453,20203.0,0.0,4.0
454,20204.0,0.0,5.0
455,20206.0,0.0,4.0
456,20207.0,0.0,3.0
457,20208.0,0.0,4.0
458,20209.0,0.0,3.0
459,20211.0,0.0,4.0
460,20214.0,0.0,4.0
461,20217.0,0.0,4.0
462,20222.0,0.0,6.0
463,20230.0,0.0,3.0
464,20239.0,0.0,5.0
465,20240.0,0.0,4.0
466,20249.0,0.0,4.0
467,20251.0,0.0,6.0
468,20254.0,0.0,2.0
469,20255.0,0.0,5.0
470,20256.0,0.0,4.0
471,20259.0,0.0,4.0
472,20261.0,0.0,4.0
473,20262.0,0.0,5.0
474,20263.0,0.0,4.0
475,20272.0,0.0,5.0
476,20273.0,0.0,4.0
477,20275.0,0.0,3.0
478,20276.0,0.0,4.0
479,20277.0,0.0,3.0
480,20285.0,0.0,4.0
481,20289.0,0.0,4.0
482,20291.0,0.0,3.0
483,20294.0,0.0,5.0
484,20298.0,0.0,4.0
485,20300.0,0.0,5.0
486,20308.0,0.0,5.0
487,20312.0,0.0,5.0
488,20313.0,0.0,5.0
489,20314.0,0.0,4.0
490,20323.0,0.0,5.0
491,20327.0,0.0,4.0
492,20335.0,0.0,5.0
493,20339.0,0.0,4.0
494,20341.0,0.0,4.0
495,20342.0,0.0,3.0
496,20344.0,0.0,3.0
497,20345.0,0.0,4.0
498,20347.0,0.0,4.0
499,20348.0,0.0,5.0
500,20355.0,0.0,5.0
501,20356.0,0.0,5.0
502,20358.0,0.0,4.0
503,20361.0,0.0,4.0
504,20362.0,0.0,5.0
505,20364.0,0.0,3.0
506,20365.0,0.0,3.0
507,20366.0,0.0,5.0
508,20371.0,0.0,4.0
509,20374.0,0.0,4.0
510,20376.0,0.0,4.0
511,20380.0,0.0,3.0
512,20383.0,0.0,4.0
513,20384.0,0.0,4.0
514,20386.0,0.0,5.0
515,20389.0,0.0,5.0
516,20390.0,0.0,5.0
517,20395.0,0.0,4.0
518,20396.0,0.0,4.0
519,20399.0,0.0,4.0
520,20404.0,0.0,5.0
521,20405.0,0.0,4.0
522,20406.0,0.0,3.0
523,20412.0,0.0,5.0
524,20414.0,0.0,3.0
525,20426.0,0.0,4.0
526,20429.0,0.0,4.0
527,20435.0,0.0,4.0
528,20438.0,0.0,4.0
529,20440.0,0.0,5.0
530,20441.0,0.0,4.0
531,20442.0,0.0,4.0
532,20443.0,0.0,4.0
533,20445.0,0.0,4.0
534,20446.0,0.0,4.0
535,20447.0,0.0,5.0
536,20448.0,0.0,3.0
537,20452.0,0.0,4.0
538,20453.0,0.0,3.0
539,20455.0,0.0,6.0
540,20458.0,0.0,4.0
541,20460.0,0.0,4.0
542,20461.0,0.0,4.0
543,20462.0,0.0,3.0
544,20463.0,0.0,4.0
545,20469.0,0.0,2.0
546,20472.0,0.0,3.0
547,20475.0,0.0,5.0
548,20476.0,0.0,4.0
549,20482.0,0.0,4.0
550,20486.0,0.0,4.0
551,20494.0,0.0,4.0
552,20498.0,0.0,4.0
553,20499.0,0.0,4.0
554,20500.0,0.0,4.0
555,20502.0,0.0,4.0
556,20505.0,0.0,4.0
557,20508.0,0.0,4.0
558,20514.0,0.0,5.0
559,20516.0,0.0,5.0
560,20518.0,0.0,4.0
561,20519.0,0.0,2.0
562,20522.0,0.0,5.0
563,20523.0,0.0,2.0
564,20529.0,0.0,6.0
565,20530.0,0.0,3.0
566,20531.0,0.0,5.0
567,20543.0,0.0,4.0
568,20545.0,0.0,4.0
569,20550.0,0.0,4.0
570,20551.0,0.0,1.0
571,20552.0,0.0,3.0
572,20553.0,0.0,5.0
573,20554.0,0.0,6.0
574,20555.0,0.0,4.0
575,20566.0,0.0,5.0
576,20569.0,0.0,4.0
577,20570.0,0.0,5.0
578,20573.0,0.0,4.0
579,20578.0,0.0,5.0
580,20580.0,0.0,5.0
581,20584.0,0.0,3.0
582,20587.0,0.0,4.0
583,20590.0,0.0,3.0
584,20593.0,0.0,3.0
585,20596.0,0.0,4.0
586,20597.0,0.0,5.0
587,20599.0,0.0,6.0
588,20601.0,0.0,3.0
589,20603.0,0.0,4.0
590,20619.0,0.0,5.0
591,20624.0,0.0,4.0
592,20625.0,0.0,4.0
593,20627.0,0.0,5.0
594,20628.0,0.0,4.0
595,20629.0,0.0,3.0
596,20630.0,0.0,6.0
597,20633.0,0.0,4.0
598,20634.0,0.0,5.0
599,20639.0,0.0,4.0
600,20642.0,0.0,4.0
601,20647.0,0.0,4.0
602,20649.0,0.0,4.0
603,20650.0,0.0,3.0
604,20651.0,0.0,4.0
605,20654.0,0.0,2.0
606,20655.0,0.0,5.0
607,20661.0,0.0,5.0
608,20662.0,0.0,4.0
609,20665.0,0.0,4.0
610,20667.0,0.0,4.0
611,20672.0,0.0,3.0
612,20675.0,0.0,4.0
613,20679.0,0.0,6.0
614,20680.0,0.0,4.0
615,20682.0,0.0,4.0
616,20684.0,0.0,4.0
617,20685.0,0.0,4.0
618,20686.0,0.0,4.0
619,20689.0,0.0,4.0
620,20696.0,0.0,4.0
621,20703.0,0.0,2.0
622,20704.0,0.0,4.0
623,20706.0,0.0,2.0
624,20708.0,0.0,5.0
625,20709.0,0.0,4.0
626,20713.0,0.0,3.0
627,20721.0,0.0,4.0
628,20722.0,0.0,3.0
629,20724.0,0.0,5.0
630,20728.0,0.0,4.0
631,20730.0,0.0,5.0
632,20731.0,0.0,5.0
633,20734.0,0.0,5.0
634,20735.0,0.0,4.0
635,20739.0,0.0,3.0
636,20742.0,0.0,5.0
637,20743.0,0.0,3.0
638,20745.0,0.0,3.0
639,20746.0,0.0,4.0
640,20747.0,0.0,4.0
641,20750.0,0.0,3.0
642,20752.0,0.0,4.0
643,20754.0,0.0,3.0
644,20755.0,0.0,3.0
645,20760.0,0.0,6.0
646,20761.0,0.0,4.0
647,20764.0,0.0,4.0
648,20773.0,0.0,3.0
649,20775.0,0.0,4.0
650,20776.0,0.0,4.0
651,20778.0,0.0,2.0
652,20780.0,0.0,4.0
653,20781.0,0.0,4.0
654,20783.0,0.0,4.0
655,20790.0,0.0,4.0
656,20791.0,0.0,4.0
657,20792.0,0.0,4.0
658,20793.0,0.0,4.0
659,20795.0,0.0,4.0
660,20798.0,0.0,4.0
661,20805.0,0.0,3.0
662,20806.0,0.0,4.0
663,20807.0,0.0,3.0
664,20810.0,0.0,4.0
665,20812.0,0.0,3.0
666,20815.0,0.0,4.0
667,20819.0,0.0,5.0
668,20826.0,0.0,3.0
669,20829.0,0.0,5.0
670,20832.0,0.0,3.0
671,20835.0,0.0,5.0
672,20839.0,0.0,3.0
673,20840.0,0.0,3.0
674,20843.0,0.0,4.0
675,20845.0,0.0,4.0
676,20847.0,0.0,4.0
677,20856.0,0.0,4.0
678,20861.0,0.0,4.0
679,20864.0,0.0,4.0
680,20866.0,0.0,4.0
681,20871.0,0.0,5.0
682,20872.0,0.0,3.0
683,20875.0,0.0,4.0
684,20878.0,0.0,4.0
685,20879.0,0.0,3.0
686,20882.0,0.0,5.0
687,20885.0,0.0,4.0
688,20886.0,0.0,4.0
689,20887.0,0.0,4.0
690,20888.0,0.0,3.0
691,20889.0,0.0,4.0
692,20890.0,0.0,3.0
693,20892.0,0.0,4.0
694,20894.0,0.0,2.0
695,20895.0,0.0,3.0
696,20907.0,0.0,4.0
697,20908.0,0.0,3.0
698,20911.0,0.0,2.0
699,20915.0,0.0,3.0
700,20921.0,0.0,4.0
701,20929.0,0.0,4.0
702,20934.0,0.0,4.0
703,20937.0,0.0,4.0
704,20938.0,0.0,4.0
705,20939.0,0.0,4.0
706,20943.0,0.0,4.0
707,20944.0,0.0,4.0
708,20950.0,0.0,4.0
709,20951.0,0.0,3.0
710,20955.0,0.0,5.0
711,20962.0,0.0,4.0
712,20963.0,0.0,4.0
713,20964.0,0.0,3.0
714,20967.0,0.0,5.0
715,20969.0,0.0,4.0
716,20970.0,0.0,4.0
717,20971.0,0.0,4.0
718,20974.0,0.0,4.0
719,20976.0,0.0,4.0
720,20977.0,0.0,4.0
721,20979.0,0.0,5.0
722,20980.0,0.0,4.0
723,20981.0,0.0,2.0
724,20982.0,0.0,4.0
725,20987.0,0.0,4.0
726,20990.0,0.0,4.0
727,20991.0,0.0,4.0
728,20992.0,0.0,2.0
729,20994.0,0.0,4.0
730,20998.0,0.0,4.0
731,21002.0,0.0,4.0
732,21007.0,0.0,4.0
733,21008.0,0.0,4.0
734,21009.0,0.0,4.0
735,21012.0,0.0,4.0
736,21013.0,0.0,4.0
737,21016.0,0.0,3.0
738,21017.0,0.0,5.0
739,21018.0,0.0,4.0
740,21021.0,0.0,4.0
741,21025.0,0.0,3.0
742,21032.0,0.0,5.0
743,21037.0,0.0,3.0
744,21039.0,0.0,2.0
745,21042.0,0.0,3.0
746,21043.0,0.0,4.0
747,21044.0,0.0,4.0
748,21046.0,0.0,4.0
749,21057.0,0.0,3.0
750,21059.0,0.0,5.0
751,21061.0,0.0,4.0
752,21062.0,0.0,4.0
753,21068.0,0.0,4.0
754,21086.0,0.0,4.0
755,21087.0,0.0,4.0
756,21088.0,0.0,4.0
757,21089.0,0.0,4.0
758,21092.0,0.0,3.0
759,21095.0,0.0,3.0
760,21098.0,0.0,5.0
761,21104.0,0.0,4.0
762,21116.0,0.0,5.0
763,21118.0,0.0,3.0
764,21119.0,0.0,4.0
765,21120.0,0.0,4.0
766,21137.0,0.0,4.0
767,21140.0,0.0,4.0
768,21141.0,0.0,5.0
769,21142.0,0.0,4.0
770,21146.0,0.0,3.0
771,21147.0,0.0,6.0
772,21148.0,0.0,5.0
773,21149.0,0.0,4.0
774,21150.0,0.0,4.0
775,21151.0,0.0,4.0
776,21152.0,0.0,4.0
777,21153.0,0.0,5.0
778,21156.0,0.0,4.0
779,21160.0,0.0,4.0
780,21163.0,0.0,4.0
781,21164.0,0.0,4.0
782,21166.0,0.0,4.0
783,21167.0,0.0,4.0
784,21173.0,0.0,5.0
785,21174.0,0.0,4.0
786,21177.0,0.0,2.0
787,21181.0,0.0,4.0
788,21182.0,0.0,4.0
789,21185.0,0.0,4.0
790,21188.0,0.0,3.0
791,21189.0,0.0,4.0
792,21196.0,0.0,4.0
793,21200.0,0.0,4.0
794,21209.0,0.0,3.0
795,21210.0,0.0,2.0
796,21215.0,0.0,4.0
797,21216.0,0.0,5.0
798,21217.0,0.0,5.0
799,21219.0,0.0,7.0
800,21222.0,0.0,4.0
801,21226.0,0.0,4.0
802,21227.0,0.0,3.0
803,21228.0,0.0,4.0
804,21231.0,0.0,6.0
805,21235.0,0.0,4.0
806,21237.0,0.0,4.0
807,21240.0,0.0,3.0
808,21242.0,0.0,3.0
809,21243.0,0.0,4.0
810,21244.0,0.0,4.0
811,21245.0,0.0,3.0
812,21253.0,0.0,4.0
813,21254.0,0.0,4.0
814,21263.0,0.0,6.0
815,21270.0,0.0,4.0
816,21274.0,0.0,5.0
817,21275.0,0.0,5.0
818,21280.0,0.0,4.0
819,21283.0,0.0,3.0
820,21287.0,0.0,4.0
821,21291.0,0.0,5.0
822,21294.0,0.0,3.0
823,21301.0,0.0,4.0
824,21304.0,0.0,4.0
825,21314.0,0.0,5.0
826,21317.0,0.0,3.0
827,21323.0,0.0,5.0
828,21324.0,0.0,3.0
829,21326.0,0.0,4.0
830,21328.0,0.0,5.0
831,21335.0,0.0,4.0
832,21336.0,0.0,3.0
833,21350.0,0.0,4.0
834,21351.0,0.0,4.0
835,21354.0,0.0,4.0
836,21369.0,0.0,4.0
837,21371.0,0.0,3.0
838,21373.0,0.0,4.0
839,21374.0,0.0,3.0
840,21377.0,0.0,4.0
841,21378.0,0.0,4.0
842,21379.0,0.0,4.0
843,21380.0,0.0,4.0
844,21381.0,0.0,3.0
845,21383.0,0.0,4.0
846,21386.0,0.0,5.0
847,21391.0,0.0,4.0
848,21392.0,0.0,4.0
849,21394.0,0.0,4.0
850,21397.0,0.0,5.0
851,21398.0,0.0,3.0
852,21401.0,0.0,4.0
853,21405.0,0.0,4.0
854,21406.0,0.0,4.0
855,21414.0,0.0,4.0
856,21417.0,0.0,3.0
857,21422.0,0.0,3.0
858,21424.0,0.0,5.0
859,21426.0,0.0,4.0
860,21429.0,0.0,3.0
861,21433.0,0.0,4.0
862,21435.0,0.0,4.0
863,21437.0,0.0,5.0
864,21448.0,0.0,4.0
865,21453.0,0.0,4.0
866,21459.0,0.0,4.0
867,21467.0,0.0,4.0
868,21470.0,0.0,4.0
869,21476.0,0.0,3.0
870,21477.0,0.0,5.0
871,21487.0,0.0,3.0
872,21491.0,0.0,3.0
873,21494.0,0.0,5.0
874,21495.0,0.0,3.0
875,21499.0,0.0,4.0
876,21500.0,0.0,4.0
877,21501.0,0.0,5.0
878,21504.0,0.0,5.0
879,21506.0,0.0,5.0
880,21508.0,0.0,4.0
881,21511.0,0.0,3.0
882,21512.0,0.0,5.0
883,21527.0,0.0,4.0
884,21532.0,0.0,4.0
885,21533.0,0.0,4.0
886,21535.0,0.0,4.0
887,21546.0,0.0,6.0
888,21549.0,0.0,4.0
889,21552.0,0.0,5.0
890,21558.0,0.0,2.0
891,21562.0,0.0,3.0
892,21566.0,0.0,3.0
893,21567.0,0.0,4.0
894,21573.0,0.0,4.0
895,21574.0,0.0,4.0
896,21578.0,0.0,4.0
897,21583.0,0.0,3.0
898,21584.0,0.0,5.0
899,21591.0,0.0,5.0
900,21592.0,0.0,3.0
901,21593.0,0.0,5.0
902,21594.0,0.0,4.0
903,21595.0,0.0,4.0
904,21596.0,0.0,4.0
905,21597.0,0.0,5.0
906,21598.0,0.0,4.0
907,21602.0,0.0,4.0
908,21603.0,0.0,4.0
909,21605.0,0.0,3.0
910,21606.0,0.0,4.0
911,21609.0,0.0,5.0
912,21613.0,0.0,4.0
913,21616.0,0.0,5.0
914,21617.0,0.0,4.0
915,21628.0,0.0,4.0
916,21629.0,0.0,4.0
917,21630.0,0.0,5.0
918,21637.0,0.0,5.0
919,21638.0,0.0,4.0
920,21640.0,0.0,3.0
921,21644.0,0.0,5.0
922,21645.0,0.0,3.0
923,21648.0,0.0,4.0
924,21650.0,0.0,5.0
925,21651.0,0.0,3.0
926,21657.0,0.0,4.0
927,21659.0,0.0,4.0
928,21661.0,0.0,4.0
929,21670.0,0.0,4.0
930,21672.0,0.0,4.0
931,21678.0,0.0,4.0
932,21679.0,0.0,4.0
933,21682.0,0.0,4.0
934,21683.0,0.0,4.0
935,21690.0,0.0,4.0
936,21691.0,0.0,5.0
937,21692.0,0.0,1.0
938,21693.0,0.0,5.0
939,21695.0,0.0,4.0
940,21702.0,0.0,3.0
941,21703.0,0.0,5.0
942,21705.0,0.0,2.0
943,21708.0,0.0,4.0
944,21710.0,0.0,5.0
945,21711.0,0.0,4.0
946,21712.0,0.0,4.0
947,21713.0,0.0,4.0
948,21720.0,0.0,3.0
949,21726.0,0.0,5.0
950,21728.0,0.0,4.0
951,21729.0,0.0,4.0
952,21732.0,0.0,3.0
953,21744.0,0.0,4.0
954,21746.0,0.0,2.0
955,21749.0,0.0,4.0
956,21750.0,0.0,4.0
957,21751.0,0.0,5.0
958,21752.0,0.0,4.0
959,21753.0,0.0,5.0
960,21754.0,0.0,5.0
961,21765.0,0.0,4.0
962,21770.0,0.0,4.0
963,21776.0,0.0,5.0
964,21777.0,0.0,4.0
965,21781.0,0.0,3.0
966,21782.0,0.0,4.0
967,21783.0,0.0,2.0
968,21784.0,0.0,2.0
969,21792.0,0.0,4.0
970,21795.0,0.0,4.0
971,21803.0,0.0,3.0
972,21806.0,0.0,4.0
973,21808.0,0.0,4.0
974,21809.0,0.0,5.0
975,21811.0,0.0,5.0
976,21814.0,0.0,4.0
977,21819.0,0.0,4.0
978,21822.0,0.0,3.0
979,21825.0,0.0,4.0
980,21827.0,0.0,4.0
981,21828.0,0.0,3.0
982,21829.0,0.0,4.0
983,21833.0,0.0,4.0
984,21834.0,0.0,3.0
985,21835.0,0.0,3.0
986,21837.0,0.0,4.0
987,21838.0,0.0,4.0
988,21839.0,0.0,5.0
989,21847.0,0.0,2.0
990,21850.0,0.0,4.0
991,21852.0,0.0,5.0
992,21854.0,0.0,2.0
993,21858.0,0.0,5.0
994,21864.0,0.0,3.0
995,21865.0,0.0,3.0
996,21870.0,0.0,4.0
997,21871.0,0.0,4.0
998,21875.0,0.0,4.0
999,21877.0,0.0,5.0
1000,21878.0,0.0,4.0
1001,21880.0,0.0,4.0
1002,21881.0,0.0,5.0
1003,21885.0,0.0,3.0
1004,21890.0,0.0,3.0
1005,21893.0,0.0,4.0
1006,21899.0,0.0,4.0
1007,21900.0,0.0,3.0
1008,21901.0,0.0,2.0
1009,21903.0,0.0,3.0
1010,21908.0,0.0,4.0
1011,21910.0,0.0,3.0
1012,21913.0,0.0,3.0
1013,21915.0,0.0,4.0
1014,21916.0,0.0,6.0
1015,21918.0,0.0,4.0
1016,21926.0,0.0,6.0
1017,21931.0,0.0,4.0
1018,21936.0,0.0,4.0
1019,21937.0,0.0,4.0
1020,21939.0,0.0,4.0
1021,21941.0,0.0,3.0
1022,21942.0,0.0,3.0
1023,21943.0,0.0,4.0
1024,21947.0,0.0,4.0
1025,21948.0,0.0,4.0
1026,21951.0,0.0,5.0
1027,21954.0,0.0,5.0
1028,21955.0,0.0,3.0
1029,21961.0,0.0,4.0
1030,21963.0,0.0,6.0
1031,21969.0,0.0,5.0
1032,21972.0,0.0,4.0
1033,21976.0,0.0,3.0
1034,21977.0,0.0,4.0
1035,21978.0,0.0,3.0
1036,21980.0,0.0,6.0
1037,21981.0,0.0,4.0
1038,21982.0,0.0,4.0
1039,21984.0,0.0,4.0
1040,21986.0,0.0,4.0
1041,21989.0,0.0,3.0
1042,21990.0,0.0,4.0
1043,21992.0,0.0,4.0
1044,21996.0,0.0,5.0
1045,22002.0,0.0,3.0
1046,22008.0,0.0,5.0
1047,22010.0,0.0,4.0
1048,22013.0,0.0,4.0
1049,22018.0,0.0,3.0
1050,22019.0,0.0,5.0
1051,22025.0,0.0,4.0
1052,22032.0,0.0,4.0
1053,22041.0,0.0,4.0
1054,22043.0,0.0,4.0
1055,22047.0,0.0,3.0
1056,22055.0,0.0,4.0
1057,22063.0,0.0,3.0
1058,22066.0,0.0,4.0
1059,22068.0,0.0,4.0
1060,22072.0,0.0,4.0
1061,22074.0,0.0,4.0
1062,22084.0,0.0,5.0
1063,22088.0,0.0,3.0
1064,22094.0,0.0,4.0
1065,22095.0,0.0,4.0
1066,22096.0,0.0,4.0
1067,22097.0,0.0,4.0
1068,22098.0,0.0,4.0
1069,22099.0,0.0,4.0
1070,22102.0,0.0,2.0
1071,22103.0,0.0,4.0
1072,22104.0,0.0,5.0
1073,22105.0,0.0,4.0
1074,22107.0,0.0,4.0
1075,22119.0,0.0,4.0
1076,22125.0,0.0,3.0
1077,22127.0,0.0,4.0
1078,22132.0,0.0,4.0
1079,22134.0,0.0,3.0
1080,22135.0,0.0,5.0
1081,22140.0,0.0,4.0
1082,22141.0,0.0,6.0
1083,22143.0,0.0,2.0
1084,22149.0,0.0,3.0
1085,22151.0,0.0,4.0
1086,22162.0,0.0,5.0
1087,22164.0,0.0,6.0
1088,22168.0,0.0,4.0
1089,22172.0,0.0,4.0
1090,22174.0,0.0,4.0
1091,22175.0,0.0,6.0
1092,22176.0,0.0,5.0
1093,22178.0,0.0,4.0
1094,22181.0,0.0,3.0
1095,22183.0,0.0,4.0
1096,22186.0,0.0,5.0
1097,22190.0,0.0,4.0
1098,22191.0,0.0,5.0
1099,22192.0,0.0,4.0
1100,22194.0,0.0,2.0
1101,22203.0,0.0,4.0
1102,22205.0,0.0,6.0
1103,22206.0,0.0,4.0
1104,22207.0,0.0,3.0
1105,22213.0,0.0,5.0
1106,22214.0,0.0,4.0
1107,22216.0,0.0,5.0
1108,22217.0,0.0,2.0
1109,22219.0,0.0,2.0
1110,22220.0,0.0,4.0
1111,22222.0,0.0,4.0
1112,22226.0,0.0,3.0
1113,22228.0,0.0,3.0
1114,22229.0,0.0,4.0
1115,22236.0,0.0,6.0
1116,22246.0,0.0,3.0
1117,22248.0,0.0,4.0
1118,22249.0,0.0,5.0
1119,22250.0,0.0,4.0
1120,22251.0,0.0,4.0
1121,22253.0,0.0,3.0
1122,22254.0,0.0,3.0
1123,22255.0,0.0,4.0
1124,22259.0,0.0,4.0
1125,22263.0,0.0,4.0
1126,22265.0,0.0,3.0
1127,22266.0,0.0,4.0
1128,22268.0,0.0,3.0
1129,22269.0,0.0,4.0
1130,22271.0,0.0,4.0
1131,22272.0,0.0,6.0
1132,22274.0,0.0,4.0
1133,22278.0,0.0,4.0
1134,22279.0,0.0,4.0
1135,22282.0,0.0,5.0
1136,22287.0,0.0,4.0
1137,22288.0,0.0,4.0
1138,22290.0,0.0,4.0
1139,22291.0,0.0,6.0
1140,22293.0,0.0,3.0
1141,22296.0,0.0,4.0
1142,22301.0,0.0,3.0
1143,22309.0,0.0,4.0
1144,22311.0,0.0,3.0
1145,22313.0,0.0,3.0
1146,22321.0,0.0,4.0
1147,22326.0,0.0,6.0
1148,22331.0,0.0,5.0
1149,22334.0,0.0,4.0
1150,22335.0,0.0,4.0
1151,22336.0,0.0,4.0
1152,22337.0,0.0,3.0
1153,22341.0,0.0,3.0
1154,22343.0,0.0,4.0
1155,22349.0,0.0,5.0
1156,22353.0,0.0,3.0
1157,22354.0,0.0,2.0
1158,22355.0,0.0,5.0
1159,22357.0,0.0,4.0
1160,22358.0,0.0,5.0
1161,22359.0,0.0,4.0
1162,22368.0,0.0,4.0
1163,22373.0,0.0,5.0
1164,22380.0,0.0,4.0
1165,22382.0,0.0,4.0
1166,22383.0,0.0,4.0
1167,22384.0,0.0,5.0
1168,22385.0,0.0,4.0
1169,22388.0,0.0,5.0
1170,22389.0,0.0,6.0
1171,22393.0,0.0,4.0
1172,22397.0,0.0,3.0
1173,22399.0,0.0,4.0
1174,22401.0,0.0,4.0
1175,22402.0,0.0,4.0
1176,22404.0,0.0,4.0
1177,22407.0,0.0,4.0
1178,22408.0,0.0,3.0
1179,22410.0,0.0,4.0
1180,22411.0,0.0,4.0
1181,22418.0,0.0,2.0
1182,22422.0,0.0,4.0
1183,22427.0,0.0,2.0
1184,22428.0,0.0,5.0
1185,22433.0,0.0,4.0
1186,22442.0,0.0,4.0
1187,22444.0,0.0,5.0
1188,22445.0,0.0,4.0
1189,22449.0,0.0,4.0
1190,22451.0,0.0,6.0
1191,22454.0,0.0,4.0
1192,22458.0,0.0,2.0
1193,22463.0,0.0,3.0
1194,22465.0,0.0,4.0
1195,22466.0,0.0,4.0
1196,22470.0,0.0,4.0
1197,22474.0,0.0,4.0
1198,22475.0,0.0,6.0
1199,22479.0,0.0,5.0
1200,22480.0,0.0,4.0
1201,22485.0,0.0,5.0
1202,22486.0,0.0,4.0
1203,22487.0,0.0,4.0
1204,22488.0,0.0,3.0
1205,22489.0,0.0,4.0
1206,22493.0,0.0,4.0
1207,22494.0,0.0,5.0
1208,22495.0,0.0,6.0
1209,22497.0,0.0,5.0
1210,22499.0,0.0,4.0
1211,22504.0,0.0,4.0
1212,22506.0,0.0,4.0
1213,22509.0,0.0,5.0
1214,22513.0,0.0,4.0
1215,22514.0,0.0,4.0
1216,22515.0,0.0,4.0
1217,22525.0,0.0,4.0
1218,22526.0,0.0,6.0
1219,22533.0,0.0,4.0
1220,22534.0,0.0,5.0
1221,22537.0,0.0,4.0
1222,22540.0,0.0,4.0
1223,22541.0,0.0,4.0
1224,22542.0,0.0,4.0
1225,22544.0,0.0,3.0
1226,22546.0,0.0,5.0
1227,22548.0,0.0,4.0
1228,22549.0,0.0,4.0
1229,22551.0,0.0,3.0
1230,22552.0,0.0,4.0
1231,22554.0,0.0,3.0
1232,22560.0,0.0,4.0
1233,22561.0,0.0,3.0
1234,22562.0,0.0,4.0
1235,22563.0,0.0,2.0
1236,22567.0,0.0,4.0
1237,22571.0,0.0,3.0
1238,22573.0,0.0,4.0
1239,22574.0,0.0,5.0
1240,22575.0,0.0,4.0
1241,22578.0,0.0,4.0
1242,22579.0,0.0,4.0
1243,22588.0,0.0,4.0
1244,22589.0,0.0,2.0
1245,22596.0,0.0,4.0
1246,22598.0,0.0,4.0
1247,22600.0,0.0,4.0
1248,22603.0,0.0,5.0
1249,22606.0,0.0,4.0
1250,22616.0,0.0,3.0
1251,22623.0,0.0,4.0
1252,22627.0,0.0,4.0
1253,22628.0,0.0,4.0
1254,22631.0,0.0,4.0
1255,22632.0,0.0,6.0
1256,22633.0,0.0,5.0
1257,22635.0,0.0,4.0
1258,22638.0,0.0,4.0
1259,22645.0,0.0,5.0
1260,22647.0,0.0,4.0
1261,22648.0,0.0,4.0
1262,22650.0,0.0,3.0
1263,22652.0,0.0,4.0
1264,22655.0,0.0,5.0
1265,22657.0,0.0,4.0
1266,22660.0,0.0,4.0
1267,22661.0,0.0,4.0
1268,22662.0,0.0,4.0
1269,22664.0,0.0,4.0
1270,22665.0,0.0,4.0
1271,22668.0,0.0,4.0
1272,22670.0,0.0,4.0
1273,22671.0,0.0,5.0
1274,22673.0,0.0,2.0
1275,22675.0,0.0,4.0
1276,22676.0,0.0,4.0
1277,22677.0,0.0,4.0
1278,22679.0,0.0,4.0
1279,22680.0,0.0,5.0
1280,22681.0,0.0,5.0
1281,22686.0,0.0,3.0
1282,22690.0,0.0,4.0
1283,22691.0,0.0,4.0
1284,22693.0,0.0,4.0
1285,22697.0,0.0,3.0
1286,22698.0,0.0,4.0
1287,22700.0,0.0,4.0
1288,22701.0,0.0,4.0
1289,22704.0,0.0,3.0
1290,22711.0,0.0,4.0
1291,22716.0,0.0,4.0
1292,22717.0,0.0,4.0
1293,22719.0,0.0,5.0
1294,22721.0,0.0,3.0
1295,22722.0,0.0,3.0
1296,22723.0,0.0,4.0
1297,22725.0,0.0,5.0
1298,22727.0,0.0,3.0
1299,22730.0,0.0,4.0
1300,22733.0,0.0,4.0
1301,22734.0,0.0,4.0
1302,22736.0,0.0,3.0
1303,22737.0,0.0,4.0
1304,22738.0,0.0,4.0
1305,22739.0,0.0,6.0
1306,22740.0,0.0,4.0
1307,22744.0,0.0,4.0
1308,22746.0,0.0,4.0
1309,22752.0,0.0,4.0
1310,22756.0,0.0,4.0
1311,22758.0,0.0,4.0
1312,22760.0,0.0,3.0
1313,22768.0,0.0,4.0
1314,22770.0,0.0,4.0
1315,22771.0,0.0,4.0
1316,22772.0,0.0,4.0
1317,22773.0,0.0,3.0
1318,22775.0,0.0,3.0
1319,22776.0,0.0,4.0
1320,22780.0,0.0,5.0
1321,22783.0,0.0,6.0
1322,22789.0,0.0,4.0
1323,22792.0,0.0,5.0
1324,22795.0,0.0,4.0
1325,22799.0,0.0,5.0
1326,22805.0,0.0,4.0
1327,22809.0,0.0,4.0
1328,22810.0,0.0,3.0
1329,22815.0,0.0,4.0
1330,22816.0,0.0,5.0
1331,22819.0,0.0,4.0
1332,22820.0,0.0,3.0
1333,22823.0,0.0,6.0
1334,22828.0,0.0,3.0
1335,22829.0,0.0,3.0
1336,22833.0,0.0,3.0
1337,22834.0,0.0,4.0
1338,22840.0,0.0,3.0
1339,22844.0,0.0,4.0
1340,22847.0,0.0,5.0
1341,22852.0,0.0,4.0
1342,22854.0,0.0,3.0
1343,22855.0,0.0,3.0
1344,22858.0,0.0,4.0
1345,22860.0,0.0,4.0
1346,22862.0,0.0,4.0
1347,22863.0,0.0,4.0
1348,22864.0,0.0,4.0
1349,22866.0,0.0,4.0
1350,22868.0,0.0,3.0
1351,22875.0,0.0,2.0
1352,22877.0,0.0,4.0
1353,22878.0,0.0,5.0
1354,22880.0,0.0,5.0
1355,22881.0,0.0,4.0
1356,22885.0,0.0,5.0
1357,22897.0,0.0,5.0
1358,22903.0,0.0,4.0
1359,22905.0,0.0,4.0
1360,22908.0,0.0,4.0
1361,22909.0,0.0,6.0
1362,22912.0,0.0,4.0
1363,22914.0,0.0,3.0
1364,22915.0,0.0,3.0
1365,22917.0,0.0,3.0
1366,22919.0,0.0,3.0
1367,22922.0,0.0,4.0
1368,22930.0,0.0,3.0
1369,22932.0,0.0,5.0
1370,22934.0,0.0,3.0
1371,22938.0,0.0,5.0
1372,22940.0,0.0,3.0
1373,22942.0,0.0,5.0
1374,22947.0,0.0,5.0
1375,22951.0,0.0,4.0
1376,22952.0,0.0,4.0
1377,22957.0,0.0,4.0
1378,22958.0,0.0,5.0
1379,22959.0,0.0,3.0
1380,22961.0,0.0,4.0
1381,22962.0,0.0,4.0
1382,22964.0,0.0,3.0
1383,22967.0,0.0,4.0
1384,22969.0,0.0,4.0
1385,22972.0,0.0,4.0
1386,22976.0,0.0,6.0
1387,22977.0,0.0,4.0
1388,22979.0,0.0,3.0
1389,22981.0,0.0,4.0
1390,22985.0,0.0,4.0
1391,22987.0,0.0,5.0
1392,22992.0,0.0,5.0
1393,22993.0,0.0,2.0
1394,22997.0,0.0,4.0
1395,23003.0,0.0,4.0
1396,23004.0,0.0,3.0
1397,23009.0,0.0,5.0
1398,23013.0,0.0,4.0
1399,23014.0,0.0,4.0
1400,23022.0,0.0,3.0
1401,23024.0,0.0,4.0
1402,23027.0,0.0,4.0
1403,23029.0,0.0,4.0
1404,23031.0,0.0,4.0
1405,23035.0,0.0,4.0
1406,23042.0,0.0,5.0
1407,23045.0,0.0,4.0
1408,23053.0,0.0,5.0
1409,23056.0,0.0,4.0
1410,23060.0,0.0,4.0
1411,23061.0,0.0,3.0
1412,23062.0,0.0,4.0
1413,23064.0,0.0,5.0
1414,23069.0,0.0,4.0
1415,23071.0,0.0,2.0
1416,23072.0,0.0,5.0
1417,23073.0,0.0,4.0
1418,23074.0,0.0,2.0
1419,23075.0,0.0,4.0
1420,23077.0,0.0,3.0
1421,23078.0,0.0,6.0
1422,23081.0,0.0,5.0
1423,23082.0,0.0,5.0
1424,23083.0,0.0,4.0
1425,23085.0,0.0,5.0
1426,23086.0,0.0,4.0
1427,23090.0,0.0,5.0
1428,23095.0,0.0,4.0
1429,23108.0,0.0,4.0
1430,23111.0,0.0,3.0
1431,23116.0,0.0,4.0
1432,23118.0,0.0,5.0
1433,23119.0,0.0,4.0
1434,23123.0,0.0,4.0
1435,23124.0,0.0,3.0
1436,23128.0,0.0,6.0
1437,23133.0,0.0,4.0
1438,23139.0,0.0,4.0
1439,23148.0,0.0,3.0
1440,23150.0,0.0,5.0
1441,23155.0,0.0,4.0
1442,23158.0,0.0,3.0
1443,23165.0,0.0,3.0
1444,23167.0,0.0,2.0
1445,23169.0,0.0,3.0
1446,23170.0,0.0,5.0
1447,23171.0,0.0,5.0
1448,23175.0,0.0,3.0
1449,23181.0,0.0,4.0
1450,23185.0,0.0,5.0
1451,23187.0,0.0,4.0
1452,23188.0,0.0,5.0
1453,23190.0,0.0,4.0
1454,23191.0,0.0,5.0
1455,23192.0,0.0,4.0
1456,23197.0,0.0,4.0
1457,23200.0,0.0,4.0
1458,23205.0,0.0,4.0
1459,23211.0,0.0,5.0
1460,23217.0,0.0,4.0
1461,23219.0,0.0,4.0
1462,23222.0,0.0,4.0
1463,23223.0,0.0,5.0
1464,23234.0,0.0,4.0
1465,23235.0,0.0,3.0
1466,23236.0,0.0,4.0
1467,23240.0,0.0,3.0
1468,23243.0,0.0,5.0
1469,23247.0,0.0,4.0
1470,23253.0,0.0,3.0
1471,23254.0,0.0,5.0
1472,23257.0,0.0,4.0
1473,23260.0,0.0,5.0
1474,23268.0,0.0,4.0
1475,23269.0,0.0,4.0
1476,23272.0,0.0,3.0
1477,23279.0,0.0,4.0
1478,23295.0,0.0,4.0
1479,23299.0,0.0,5.0
1480,23300.0,0.0,4.0
1481,23301.0,0.0,3.0
1482,23302.0,0.0,5.0
1483,23303.0,0.0,4.0
1484,23306.0,0.0,3.0
1485,23309.0,0.0,3.0
1486,23318.0,0.0,5.0
1487,23319.0,0.0,2.0
1488,23320.0,0.0,6.0
1489,23324.0,0.0,2.0
1490,23325.0,0.0,6.0
1491,23326.0,0.0,4.0
1492,23327.0,0.0,4.0
1493,23328.0,0.0,4.0
1494,23336.0,0.0,4.0
1495,23337.0,0.0,4.0
1496,23339.0,0.0,4.0
1497,23342.0,0.0,4.0
1498,23343.0,0.0,5.0
1499,23345.0,0.0,5.0
1500,23349.0,0.0,4.0
1501,23367.0,0.0,3.0
1502,23369.0,0.0,5.0
1503,23375.0,0.0,4.0
1504,23376.0,0.0,4.0
1505,23377.0,0.0,4.0
1506,23381.0,0.0,6.0
1507,23387.0,0.0,4.0
1508,23391.0,0.0,5.0
1509,23392.0,0.0,3.0
1510,23394.0,0.0,4.0
1511,23396.0,0.0,4.0
1512,23399.0,0.0,5.0
1513,23401.0,0.0,4.0
1514,23403.0,0.0,4.0
1515,23405.0,0.0,4.0
1516,23410.0,0.0,4.0
1517,23411.0,0.0,4.0
1518,23412.0,0.0,4.0
1519,23415.0,0.0,4.0
1520,23420.0,0.0,3.0
1521,23422.0,0.0,4.0
1522,23426.0,0.0,4.0
1523,23437.0,0.0,4.0
1524,23438.0,0.0,4.0
1525,23440.0,0.0,4.0
1526,23441.0,0.0,4.0
1527,23442.0,0.0,4.0
1528,23443.0,0.0,4.0
1529,23445.0,0.0,5.0
1530,23446.0,0.0,4.0
1531,23447.0,0.0,5.0
1532,23453.0,0.0,4.0
1533,23454.0,0.0,4.0
1534,23455.0,0.0,4.0
1535,23461.0,0.0,4.0
1536,23462.0,0.0,4.0
1537,23464.0,0.0,4.0
1538,23466.0,0.0,4.0
1539,23467.0,0.0,4.0
1540,23468.0,0.0,3.0
1541,23469.0,0.0,5.0
1542,23470.0,0.0,4.0
1543,23471.0,0.0,5.0
1544,23472.0,0.0,3.0
1545,23473.0,0.0,6.0
1546,23474.0,0.0,2.0
1547,23475.0,0.0,4.0
1548,23480.0,0.0,4.0
1549,23483.0,0.0,3.0
1550,23489.0,0.0,5.0
1551,23490.0,0.0,4.0
1552,23499.0,0.0,4.0
1553,23501.0,0.0,5.0
1554,23502.0,0.0,4.0
1555,23505.0,0.0,5.0
1556,23506.0,0.0,4.0
1557,23510.0,0.0,3.0
1558,23513.0,0.0,3.0
1559,23516.0,0.0,3.0
1560,23517.0,0.0,3.0
1561,23518.0,0.0,4.0
1562,23519.0,0.0,2.0
1563,23520.0,0.0,4.0
1564,23522.0,0.0,5.0
1565,23525.0,0.0,4.0
1566,23526.0,0.0,5.0
1567,23527.0,0.0,4.0
1568,23537.0,0.0,4.0
1569,23539.0,0.0,1.0
1570,23543.0,0.0,3.0
1571,23544.0,0.0,2.0
1572,23545.0,0.0,3.0
1573,23552.0,0.0,3.0
1574,23553.0,0.0,5.0
1575,23557.0,0.0,4.0
1576,23565.0,0.0,4.0
1577,23566.0,0.0,4.0
1578,23567.0,0.0,2.0
1579,23568.0,0.0,5.0
1580,23576.0,0.0,4.0
1581,23578.0,0.0,4.0
1582,23579.0,0.0,3.0
1583,23582.0,0.0,4.0
1584,23583.0,0.0,4.0
1585,23588.0,0.0,4.0
1586,23590.0,0.0,4.0
1587,23598.0,0.0,3.0
1588,23600.0,0.0,2.0
1589,23601.0,0.0,3.0
1590,23603.0,0.0,6.0
1591,23605.0,0.0,4.0
1592,23606.0,0.0,4.0
1593,23607.0,0.0,4.0
1594,23611.0,0.0,4.0
1595,23615.0,0.0,4.0
1596,23616.0,0.0,4.0
1597,23617.0,0.0,4.0
1598,23619.0,0.0,3.0
1599,23621.0,0.0,5.0
1600,23623.0,0.0,3.0
1601,23629.0,0.0,4.0
1602,23632.0,0.0,4.0
1603,23634.0,0.0,4.0
1604,23635.0,0.0,4.0
1605,23636.0,0.0,4.0
1606,23645.0,0.0,3.0
1607,23647.0,0.0,4.0
1608,23650.0,0.0,4.0
1609,23653.0,0.0,5.0
1610,23657.0,0.0,5.0
1611,23658.0,0.0,3.0
1612,23660.0,0.0,3.0
1613,23663.0,0.0,4.0
1614,23665.0,0.0,4.0
1615,23666.0,0.0,3.0
1616,23667.0,0.0,5.0
1617,23668.0,0.0,3.0
1618,23670.0,0.0,4.0
1619,23673.0,0.0,4.0
1620,23675.0,0.0,5.0
1621,23677.0,0.0,3.0
1622,23680.0,0.0,4.0
1623,23684.0,0.0,4.0
1624,23685.0,0.0,5.0
1625,23686.0,0.0,4.0
1626,23689.0,0.0,4.0
1627,23692.0,0.0,4.0
1628,23695.0,0.0,5.0
1629,23696.0,0.0,4.0
1630,23702.0,0.0,4.0
1631,23704.0,0.0,4.0
1632,23705.0,0.0,3.0
1633,23708.0,0.0,5.0
1634,23711.0,0.0,5.0
1635,23714.0,0.0,5.0
1636,23716.0,0.0,4.0
1637,23717.0,0.0,4.0
1638,23719.0,0.0,5.0
1639,23720.0,0.0,4.0
1640,23721.0,0.0,4.0
1641,23727.0,0.0,3.0
1642,23728.0,0.0,5.0
1643,23732.0,0.0,4.0
1644,23735.0,0.0,4.0
1645,23736.0,0.0,3.0
1646,23740.0,0.0,5.0
1647,23749.0,0.0,3.0
1648,23752.0,0.0,4.0
1649,23759.0,0.0,3.0
1650,23761.0,0.0,4.0
1651,23763.0,0.0,3.0
1652,23770.0,0.0,3.0
1653,23771.0,0.0,3.0
1654,23773.0,0.0,5.0
1655,23777.0,0.0,3.0
1656,23779.0,0.0,4.0
1657,23780.0,0.0,5.0
1658,23781.0,0.0,3.0
1659,23790.0,0.0,5.0
1660,23791.0,0.0,3.0
1661,23793.0,0.0,4.0
1662,23794.0,0.0,3.0
1663,23795.0,0.0,5.0
1664,23797.0,0.0,4.0
1665,23799.0,0.0,4.0
1666,23800.0,0.0,5.0
1667,23804.0,0.0,4.0
1668,23805.0,0.0,4.0
1669,23806.0,0.0,4.0
1670,23807.0,0.0,4.0
1671,23808.0,0.0,4.0
1672,23811.0,0.0,2.0
1673,23813.0,0.0,4.0
1674,23814.0,0.0,3.0
1675,23817.0,0.0,4.0
1676,23818.0,0.0,4.0
1677,23823.0,0.0,4.0
1678,23828.0,0.0,5.0
1679,23830.0,0.0,4.0
1680,23833.0,0.0,3.0
1681,23835.0,0.0,4.0
1682,23838.0,0.0,4.0
1683,23839.0,0.0,5.0
1684,23840.0,0.0,4.0
1685,23842.0,0.0,6.0
1686,23850.0,0.0,4.0
1687,23854.0,0.0,4.0
1688,23859.0,0.0,4.0
1689,23860.0,0.0,3.0
1690,23862.0,0.0,6.0
1691,23864.0,0.0,4.0
1692,23865.0,0.0,3.0
1693,23867.0,0.0,3.0
1694,23875.0,0.0,4.0
1695,23876.0,0.0,3.0
1696,23881.0,0.0,2.0
1697,23887.0,0.0,4.0
1698,23893.0,0.0,4.0
1699,23896.0,0.0,4.0
1700,23900.0,0.0,4.0
1701,23904.0,0.0,4.0
1702,23905.0,0.0,4.0
1703,23906.0,0.0,6.0
1704,23908.0,0.0,4.0
1705,23910.0,0.0,6.0
1706,23917.0,0.0,6.0
1707,23918.0,0.0,4.0
1708,23919.0,0.0,5.0
1709,23924.0,0.0,4.0
1710,23926.0,0.0,4.0
1711,23929.0,0.0,5.0
1712,23933.0,0.0,3.0
1713,23934.0,0.0,2.0
1714,23935.0,0.0,4.0
1715,23938.0,0.0,4.0
1716,23939.0,0.0,4.0
1717,23943.0,0.0,3.0
1718,23944.0,0.0,4.0
1719,23945.0,0.0,4.0
1720,23946.0,0.0,4.0
1721,23950.0,0.0,4.0
1722,23952.0,0.0,4.0
1723,23959.0,0.0,4.0
1724,23961.0,0.0,4.0
1725,23964.0,0.0,3.0
1726,23966.0,0.0,4.0
1727,23968.0,0.0,5.0
1728,23971.0,0.0,4.0
1729,23979.0,0.0,4.0
1730,23980.0,0.0,2.0
1731,23983.0,0.0,4.0
1732,23987.0,0.0,3.0
1733,23992.0,0.0,5.0
1734,23995.0,0.0,4.0
1735,23999.0,0.0,3.0
1736,24001.0,0.0,5.0
1737,24002.0,0.0,3.0
1738,24006.0,0.0,4.0
1739,24008.0,0.0,5.0
1740,24009.0,0.0,6.0
1741,24010.0,0.0,4.0
1742,24014.0,0.0,3.0
1743,24016.0,0.0,4.0
1744,24017.0,0.0,4.0
1745,24022.0,0.0,4.0
1746,24025.0,0.0,4.0
1747,24027.0,0.0,2.0
1748,24028.0,0.0,5.0
1749,24033.0,0.0,2.0
1750,24042.0,0.0,4.0
1751,24047.0,0.0,4.0
1752,24051.0,0.0,4.0
1753,24052.0,0.0,4.0
1754,24053.0,0.0,5.0
1755,24058.0,0.0,4.0
1756,24060.0,0.0,4.0
1757,24066.0,0.0,5.0
1758,24067.0,0.0,5.0
1759,24073.0,0.0,3.0
1760,24074.0,0.0,3.0
1761,24077.0,0.0,4.0
1762,24078.0,0.0,4.0
1763,24079.0,0.0,5.0
1764,24082.0,0.0,4.0
1765,24089.0,0.0,5.0
1766,24093.0,0.0,3.0
1767,24098.0,0.0,5.0
1768,24099.0,0.0,5.0
1769,24103.0,0.0,4.0
1770,24105.0,0.0,3.0
1771,24109.0,0.0,4.0
1772,24114.0,0.0,4.0
1773,24115.0,0.0,4.0
1774,24121.0,0.0,4.0
1775,24122.0,0.0,2.0
1776,24126.0,0.0,4.0
1777,24128.0,0.0,4.0
1778,24129.0,0.0,3.0
1779,24130.0,0.0,5.0
1780,24135.0,0.0,4.0
1781,24137.0,0.0,3.0
1782,24141.0,0.0,4.0
1783,24143.0,0.0,4.0
1784,24145.0,0.0,4.0
1785,24147.0,0.0,6.0
1786,24149.0,0.0,4.0
1787,24153.0,0.0,4.0
1788,24155.0,0.0,3.0
1789,24156.0,0.0,4.0
1790,24163.0,0.0,4.0
1791,24164.0,0.0,4.0
1792,24166.0,0.0,5.0
1793,24168.0,0.0,5.0
1794,24170.0,0.0,5.0
1795,24173.0,0.0,5.0
1796,24174.0,0.0,4.0
1797,24179.0,0.0,4.0
1798,24180.0,0.0,3.0
1799,24182.0,0.0,3.0
1800,24186.0,0.0,5.0
1801,24187.0,0.0,3.0
1802,24189.0,0.0,5.0
1803,24194.0,0.0,4.0
1804,24197.0,0.0,4.0
1805,24198.0,0.0,3.0
1806,24199.0,0.0,4.0
1807,24200.0,0.0,3.0
1808,24201.0,0.0,3.0
1809,24204.0,0.0,3.0
1810,24211.0,0.0,4.0
1811,24212.0,0.0,5.0
1812,24213.0,0.0,3.0
1813,24214.0,0.0,4.0
1814,24215.0,0.0,3.0
1815,24224.0,0.0,5.0
1816,24228.0,0.0,4.0
1817,24232.0,0.0,4.0
1818,24236.0,0.0,5.0
1819,24238.0,0.0,6.0
1820,24243.0,0.0,3.0
1821,24249.0,0.0,5.0
1822,24255.0,0.0,4.0
1823,24257.0,0.0,5.0
1824,24259.0,0.0,5.0
1825,24264.0,0.0,5.0
1826,24270.0,0.0,4.0
1827,24271.0,0.0,4.0
1828,24272.0,0.0,3.0
1829,24275.0,0.0,5.0
1830,24277.0,0.0,4.0
1831,24283.0,0.0,5.0
1832,24287.0,0.0,4.0
1833,24291.0,0.0,5.0
1834,24293.0,0.0,4.0
1835,24295.0,0.0,5.0
1836,24298.0,0.0,4.0
1837,24306.0,0.0,2.0
1838,24310.0,0.0,3.0
1839,24311.0,0.0,4.0
1840,24315.0,0.0,5.0
1841,24316.0,0.0,4.0
1842,24318.0,0.0,4.0
1843,24323.0,0.0,4.0
1844,24325.0,0.0,5.0
1845,24328.0,0.0,4.0
1846,24329.0,0.0,4.0
1847,24332.0,0.0,4.0
1848,24335.0,0.0,4.0
1849,24338.0,0.0,4.0
1850,24340.0,0.0,3.0
1851,24343.0,0.0,5.0
1852,24345.0,0.0,5.0
1853,24349.0,0.0,4.0
1854,24350.0,0.0,5.0
1855,24353.0,0.0,3.0
1856,24355.0,0.0,4.0
1857,24357.0,0.0,4.0
1858,24366.0,0.0,3.0
1859,24371.0,0.0,4.0
1860,24375.0,0.0,3.0
1861,24384.0,0.0,5.0
1862,24385.0,0.0,4.0
1863,24386.0,0.0,5.0
1864,24391.0,0.0,4.0
1865,24392.0,0.0,4.0
1866,24398.0,0.0,4.0
1867,24400.0,0.0,4.0
1868,24406.0,0.0,4.0
1869,24407.0,0.0,5.0
1870,24410.0,0.0,5.0
1871,24411.0,0.0,4.0
1872,24415.0,0.0,4.0
1873,24416.0,0.0,4.0
1874,24423.0,0.0,5.0
1875,24427.0,0.0,5.0
1876,24433.0,0.0,2.0
1877,24436.0,0.0,4.0
1878,24437.0,0.0,4.0
1879,24439.0,0.0,4.0
1880,24441.0,0.0,3.0
1881,24444.0,0.0,3.0
1882,24447.0,0.0,4.0
1883,24450.0,0.0,6.0
1884,24453.0,0.0,5.0
1885,24455.0,0.0,3.0
1886,24456.0,0.0,4.0
1887,24457.0,0.0,5.0
1888,24459.0,0.0,4.0
1889,24462.0,0.0,5.0
1890,24469.0,0.0,4.0
1891,24475.0,0.0,4.0
1892,24483.0,0.0,4.0
1893,24488.0,0.0,3.0
1894,24490.0,0.0,2.0
1895,24497.0,0.0,6.0
1896,24498.0,0.0,2.0
1897,24500.0,0.0,5.0
1898,24504.0,0.0,3.0
1899,24508.0,0.0,6.0
1900,24513.0,0.0,5.0
1901,24517.0,0.0,3.0
1902,24526.0,0.0,3.0
1903,24528.0,0.0,2.0
1904,24531.0,0.0,3.0
1905,24537.0,0.0,4.0
1906,24538.0,0.0,3.0
1907,24541.0,0.0,5.0
1908,24546.0,0.0,3.0
1909,24548.0,0.0,5.0
1910,24552.0,0.0,3.0
1911,24554.0,0.0,3.0
1912,24556.0,0.0,3.0
1913,24557.0,0.0,4.0
1914,24558.0,0.0,4.0
1915,24559.0,0.0,5.0
1916,24562.0,0.0,5.0
1917,24564.0,0.0,4.0
1918,24565.0,0.0,5.0
1919,24566.0,0.0,5.0
1920,24568.0,0.0,4.0
1921,24571.0,0.0,4.0
1922,24572.0,0.0,4.0
1923,24574.0,0.0,6.0
1924,24580.0,0.0,3.0
1925,24582.0,0.0,4.0
1926,24586.0,0.0,4.0
1927,24588.0,0.0,4.0
1928,24590.0,0.0,4.0
1929,24591.0,0.0,4.0
1930,24593.0,0.0,4.0
1931,24595.0,0.0,4.0
1932,24598.0,0.0,5.0
1933,24602.0,0.0,4.0
1934,24603.0,0.0,5.0
1935,24611.0,0.0,4.0
1936,24612.0,0.0,3.0
1937,24614.0,0.0,4.0
1938,24620.0,0.0,4.0
1939,24621.0,0.0,4.0
1940,24630.0,0.0,4.0
1941,24632.0,0.0,4.0
1942,24635.0,0.0,4.0
1943,24639.0,0.0,4.0
1944,24640.0,0.0,4.0
1945,24643.0,0.0,4.0
1946,24648.0,0.0,3.0
1947,24649.0,0.0,4.0
1948,24652.0,0.0,4.0
1949,24654.0,0.0,4.0
1950,24662.0,0.0,4.0
1951,24663.0,0.0,3.0
1952,24666.0,0.0,4.0
1953,24669.0,0.0,4.0
1954,24670.0,0.0,3.0
1955,24673.0,0.0,3.0
1956,24676.0,0.0,4.0
1957,24679.0,0.0,3.0
1958,24682.0,0.0,4.0
1959,24685.0,0.0,5.0
1960,24690.0,0.0,4.0
1961,24692.0,0.0,5.0
1962,24693.0,0.0,4.0
1963,24700.0,0.0,4.0
1964,24702.0,0.0,4.0
1965,24712.0,0.0,4.0
1966,24713.0,0.0,3.0
1967,24717.0,0.0,3.0
1968,24720.0,0.0,3.0
1969,24721.0,0.0,4.0
1970,24723.0,0.0,4.0
1971,24726.0,0.0,4.0
1972,24727.0,0.0,4.0
1973,24731.0,0.0,4.0
1974,24732.0,0.0,4.0
1975,24733.0,0.0,3.0
1976,24738.0,0.0,5.0
1977,24739.0,0.0,6.0
1978,24740.0,0.0,2.0
1979,24742.0,0.0,4.0
1980,24754.0,0.0,4.0
1981,24763.0,0.0,4.0
1982,24765.0,0.0,4.0
1983,24769.0,0.0,4.0
1984,24770.0,0.0,4.0
1985,24775.0,0.0,5.0
1986,24777.0,0.0,4.0
1987,24778.0,0.0,5.0
1988,24779.0,0.0,4.0
1989,24780.0,0.0,4.0
1990,24781.0,0.0,4.0
1991,24783.0,0.0,5.0
1992,24786.0,0.0,5.0
1993,24787.0,0.0,3.0
1994,24790.0,0.0,3.0
1995,24791.0,0.0,2.0
1996,24794.0,0.0,4.0
1997,24795.0,0.0,4.0
1998,24796.0,0.0,4.0
1999,24802.0,0.0,3.0
2000,24804.0,0.0,5.0
2001,24805.0,0.0,3.0
2002,24809.0,0.0,4.0
2003,24820.0,0.0,4.0
2004,24821.0,0.0,5.0
2005,24825.0,0.0,4.0
2006,24832.0,0.0,3.0
2007,24834.0,0.0,5.0
2008,24836.0,0.0,4.0
2009,24838.0,0.0,5.0
2010,24840.0,0.0,4.0
2011,24843.0,0.0,5.0
2012,24846.0,0.0,4.0
2013,24849.0,0.0,4.0
2014,24850.0,0.0,3.0
2015,24851.0,0.0,4.0
2016,24853.0,0.0,2.0
2017,24858.0,0.0,4.0
2018,24866.0,0.0,4.0
2019,24869.0,0.0,6.0
2020,24877.0,0.0,4.0
2021,24878.0,0.0,3.0
2022,24882.0,0.0,4.0
2023,24884.0,0.0,3.0
2024,24889.0,0.0,4.0
2025,24905.0,0.0,4.0
2026,24906.0,0.0,3.0
2027,24909.0,0.0,4.0
2028,24911.0,0.0,4.0
2029,24915.0,0.0,3.0
2030,24916.0,0.0,4.0
2031,24917.0,0.0,4.0
2032,24918.0,0.0,2.0
2033,24920.0,0.0,4.0
2034,24922.0,0.0,5.0
2035,24924.0,0.0,4.0
2036,24929.0,0.0,4.0
2037,24936.0,0.0,4.0
2038,24937.0,0.0,5.0
2039,24941.0,0.0,4.0
2040,24945.0,0.0,4.0
2041,24946.0,0.0,4.0
2042,24947.0,0.0,4.0
2043,24956.0,0.0,4.0
2044,24958.0,0.0,5.0
2045,24960.0,0.0,3.0
2046,24962.0,0.0,4.0
2047,24967.0,0.0,4.0
2048,24968.0,0.0,5.0
2049,24969.0,0.0,5.0
2050,24970.0,0.0,3.0
2051,24971.0,0.0,2.0
2052,24987.0,0.0,4.0
2053,24988.0,0.0,4.0
2054,24992.0,0.0,3.0
2055,24993.0,0.0,5.0
2056,25004.0,0.0,3.0
2057,25009.0,0.0,4.0
2058,25010.0,0.0,3.0
2059,25012.0,0.0,5.0
2060,25020.0,0.0,4.0
2061,25021.0,0.0,6.0
2062,25026.0,0.0,4.0
2063,25028.0,0.0,3.0
2064,25032.0,0.0,4.0
2065,25033.0,0.0,5.0
2066,25039.0,0.0,4.0
2067,25040.0,0.0,2.0
2068,25041.0,0.0,5.0
2069,25042.0,0.0,3.0
2070,25047.0,0.0,5.0
2071,25048.0,0.0,3.0
2072,25051.0,0.0,5.0
2073,25055.0,0.0,3.0
2074,25056.0,0.0,4.0
2075,25059.0,0.0,4.0
2076,25064.0,0.0,4.0
2077,25070.0,0.0,5.0
2078,25074.0,0.0,4.0
2079,25076.0,0.0,5.0
2080,25082.0,0.0,3.0
2081,25090.0,0.0,4.0
2082,25092.0,0.0,4.0
2083,25093.0,0.0,3.0
2084,25094.0,0.0,4.0
2085,25097.0,0.0,4.0
2086,25100.0,0.0,5.0
2087,25101.0,0.0,5.0
2088,25102.0,0.0,3.0
2089,25104.0,0.0,5.0
2090,25105.0,0.0,4.0
2091,25107.0,0.0,2.0
2092,25113.0,0.0,4.0
2093,25118.0,0.0,3.0
2094,25120.0,0.0,4.0
2095,25128.0,0.0,3.0
2096,25138.0,0.0,5.0
2097,25139.0,0.0,4.0
2098,25140.0,0.0,4.0
2099,25141.0,0.0,4.0
2100,25146.0,0.0,4.0
2101,25148.0,0.0,4.0
2102,25149.0,0.0,5.0
2103,25151.0,0.0,4.0
2104,25153.0,0.0,4.0
2105,25157.0,0.0,4.0
2106,25159.0,0.0,4.0
2107,25162.0,0.0,4.0
2108,25163.0,0.0,4.0
2109,25164.0,0.0,4.0
2110,25165.0,0.0,4.0
2111,25166.0,0.0,4.0
2112,25173.0,0.0,5.0
2113,25175.0,0.0,4.0
2114,25177.0,0.0,4.0
2115,25179.0,0.0,3.0
2116,25185.0,0.0,4.0
2117,25186.0,0.0,4.0
2118,25187.0,0.0,4.0
2119,25188.0,0.0,5.0
2120,25191.0,0.0,3.0
2121,25192.0,0.0,4.0
2122,25193.0,0.0,4.0
2123,25197.0,0.0,4.0
2124,25201.0,0.0,2.0
2125,25203.0,0.0,7.0
2126,25210.0,0.0,3.0
2127,25217.0,0.0,4.0
2128,25220.0,0.0,4.0
2129,25228.0,0.0,4.0
2130,25233.0,0.0,4.0
2131,25234.0,0.0,4.0
2132,25237.0,0.0,4.0
2133,25243.0,0.0,3.0
2134,25250.0,0.0,4.0
2135,25251.0,0.0,3.0
2136,25254.0,0.0,4.0
2137,25258.0,0.0,4.0
2138,25259.0,0.0,3.0
2139,25261.0,0.0,4.0
2140,25268.0,0.0,3.0
2141,25274.0,0.0,5.0
2142,25276.0,0.0,3.0
2143,25279.0,0.0,5.0
2144,25282.0,0.0,3.0
2145,25283.0,0.0,4.0
2146,25285.0,0.0,5.0
2147,25287.0,0.0,4.0
2148,25288.0,0.0,3.0
2149,25295.0,0.0,4.0
2150,25298.0,0.0,5.0
2151,25306.0,0.0,4.0
2152,25307.0,0.0,4.0
2153,25308.0,0.0,4.0
2154,25314.0,0.0,5.0
2155,25315.0,0.0,5.0
2156,25317.0,0.0,5.0
2157,25320.0,0.0,4.0
2158,25321.0,0.0,2.0
2159,25330.0,0.0,4.0
2160,25332.0,0.0,4.0
2161,25333.0,0.0,2.0
2162,25335.0,0.0,3.0
2163,25336.0,0.0,4.0
2164,25337.0,0.0,4.0
2165,25339.0,0.0,4.0
2166,25343.0,0.0,2.0
2167,25345.0,0.0,4.0
2168,25347.0,0.0,4.0
2169,25351.0,0.0,4.0
2170,25354.0,0.0,3.0
2171,25356.0,0.0,3.0
2172,25361.0,0.0,3.0
2173,25365.0,0.0,4.0
2174,25368.0,0.0,4.0
2175,25370.0,0.0,4.0
2176,25372.0,0.0,4.0
2177,25377.0,0.0,3.0
2178,25381.0,0.0,6.0
2179,25387.0,0.0,4.0
2180,25389.0,0.0,4.0
2181,25392.0,0.0,5.0
2182,25398.0,0.0,4.0
2183,25402.0,0.0,4.0
2184,25405.0,0.0,4.0
2185,25409.0,0.0,4.0
2186,25410.0,0.0,3.0
2187,25412.0,0.0,4.0
2188,25419.0,0.0,5.0
2189,25421.0,0.0,4.0
2190,25424.0,0.0,3.0
2191,25425.0,0.0,4.0
2192,25426.0,0.0,3.0
2193,25429.0,0.0,3.0
2194,25431.0,0.0,3.0
2195,25433.0,0.0,4.0
2196,25436.0,0.0,5.0
2197,25439.0,0.0,6.0
2198,25444.0,0.0,4.0
2199,25447.0,0.0,3.0
2200,25448.0,0.0,5.0
2201,25451.0,0.0,3.0
2202,25452.0,0.0,4.0
2203,25455.0,0.0,6.0
2204,25459.0,0.0,4.0
2205,25461.0,0.0,5.0
2206,25463.0,0.0,4.0
2207,25466.0,0.0,4.0
2208,25467.0,0.0,3.0
2209,25469.0,0.0,5.0
2210,25473.0,0.0,4.0
2211,25474.0,0.0,4.0
2212,25479.0,0.0,4.0
2213,25483.0,0.0,5.0
2214,25489.0,0.0,5.0
2215,25494.0,0.0,5.0
2216,25495.0,0.0,4.0
2217,25499.0,0.0,3.0
2218,25500.0,0.0,5.0
2219,25502.0,0.0,4.0
2220,25503.0,0.0,6.0
2221,25507.0,0.0,2.0
2222,25508.0,0.0,4.0
2223,25514.0,0.0,3.0
2224,25517.0,0.0,4.0
2225,25518.0,0.0,4.0
2226,25520.0,0.0,4.0
2227,25522.0,0.0,3.0
2228,25524.0,0.0,4.0
2229,25527.0,0.0,4.0
2230,25531.0,0.0,4.0
2231,25534.0,0.0,4.0
2232,25536.0,0.0,4.0
2233,25538.0,0.0,4.0
2234,25542.0,0.0,4.0
2235,25545.0,0.0,3.0
2236,25546.0,0.0,4.0
2237,25550.0,0.0,5.0
2238,25554.0,0.0,4.0
2239,25555.0,0.0,3.0
2240,25556.0,0.0,4.0
2241,25562.0,0.0,2.0
2242,25563.0,0.0,4.0
2243,25564.0,0.0,4.0
2244,25565.0,0.0,5.0
2245,25567.0,0.0,2.0
2246,25572.0,0.0,4.0
2247,25574.0,0.0,4.0
2248,25575.0,0.0,4.0
2249,25577.0,0.0,5.0
2250,25579.0,0.0,5.0
2251,25582.0,0.0,4.0
2252,25584.0,0.0,5.0
2253,25585.0,0.0,5.0
2254,25587.0,0.0,4.0
2255,25591.0,0.0,4.0
2256,25592.0,0.0,4.0
2257,25599.0,0.0,4.0
2258,25601.0,0.0,4.0
2259,25604.0,0.0,4.0
2260,25606.0,0.0,2.0
2261,25612.0,0.0,5.0
2262,25613.0,0.0,4.0
2263,25614.0,0.0,3.0
2264,25619.0,0.0,4.0
2265,25624.0,0.0,6.0
2266,25633.0,0.0,4.0
2267,25637.0,0.0,4.0
2268,25641.0,0.0,5.0
2269,25644.0,0.0,3.0
2270,25647.0,0.0,4.0
2271,25653.0,0.0,3.0
2272,25654.0,0.0,3.0
2273,25657.0,0.0,4.0
2274,25658.0,0.0,6.0
2275,25660.0,0.0,5.0
2276,25661.0,0.0,5.0
2277,25664.0,0.0,3.0
2278,25672.0,0.0,4.0
2279,25678.0,0.0,4.0
2280,25679.0,0.0,6.0
2281,25686.0,0.0,5.0
2282,25687.0,0.0,4.0
2283,25688.0,0.0,3.0
2284,25691.0,0.0,3.0
2285,25699.0,0.0,4.0
2286,25708.0,0.0,4.0
2287,25709.0,0.0,4.0
2288,25711.0,0.0,4.0
2289,25721.0,0.0,3.0
2290,25723.0,0.0,4.0
2291,25725.0,0.0,3.0
2292,25726.0,0.0,5.0
2293,25737.0,0.0,4.0
2294,25744.0,0.0,4.0
2295,25746.0,0.0,4.0
2296,25748.0,0.0,4.0
2297,25754.0,0.0,5.0
2298,25757.0,0.0,4.0
2299,25759.0,0.0,5.0
2300,25761.0,0.0,7.0
2301,25769.0,0.0,4.0
2302,25772.0,0.0,4.0
2303,25774.0,0.0,3.0
2304,25779.0,0.0,3.0
2305,25780.0,0.0,4.0
2306,25781.0,0.0,3.0
2307,25782.0,0.0,4.0
2308,25787.0,0.0,3.0
2309,25790.0,0.0,4.0
2310,25793.0,0.0,4.0
2311,25794.0,0.0,3.0
2312,25795.0,0.0,4.0
2313,25798.0,0.0,6.0
2314,25803.0,0.0,6.0
2315,25807.0,0.0,3.0
2316,25808.0,0.0,4.0
2317,25809.0,0.0,2.0
2318,25812.0,0.0,3.0
2319,25814.0,0.0,3.0
2320,25816.0,0.0,4.0
2321,25817.0,0.0,4.0
2322,25820.0,0.0,4.0
2323,25824.0,0.0,5.0
2324,25832.0,0.0,3.0
2325,25834.0,0.0,4.0
2326,25837.0,0.0,6.0
2327,25839.0,0.0,4.0
2328,25841.0,0.0,4.0
2329,25842.0,0.0,4.0
2330,25855.0,0.0,4.0
2331,25856.0,0.0,4.0
2332,25862.0,0.0,4.0
2333,25863.0,0.0,4.0
2334,25865.0,0.0,4.0
2335,25870.0,0.0,4.0
2336,25878.0,0.0,4.0
2337,25882.0,0.0,6.0
2338,25884.0,0.0,4.0
2339,25893.0,0.0,2.0
2340,25895.0,0.0,4.0
2341,25896.0,0.0,4.0
2342,25898.0,0.0,5.0
2343,25910.0,0.0,5.0
2344,25911.0,0.0,4.0
2345,25925.0,0.0,3.0
2346,25927.0,0.0,5.0
2347,25930.0,0.0,3.0
2348,25937.0,0.0,2.0
2349,25941.0,0.0,5.0
2350,25944.0,0.0,5.0
2351,25946.0,0.0,5.0
2352,25947.0,0.0,4.0
2353,25951.0,0.0,4.0
2354,25955.0,0.0,3.0
2355,25957.0,0.0,6.0
2356,25960.0,0.0,4.0
2357,25963.0,0.0,4.0
2358,25970.0,0.0,4.0
2359,25973.0,0.0,4.0
2360,25974.0,0.0,5.0
2361,25976.0,0.0,5.0
2362,25980.0,0.0,5.0
2363,25981.0,0.0,4.0
2364,25984.0,0.0,4.0
2365,25986.0,0.0,4.0
2366,25987.0,0.0,5.0
2367,25994.0,0.0,3.0
2368,25996.0,0.0,4.0
2369,26002.0,0.0,3.0
2370,26005.0,0.0,4.0
2371,26007.0,0.0,4.0
2372,26009.0,0.0,4.0
2373,26018.0,0.0,3.0
2374,26019.0,0.0,4.0
2375,26024.0,0.0,4.0
2376,26030.0,0.0,3.0
2377,26031.0,0.0,5.0
2378,26034.0,0.0,3.0
2379,26037.0,0.0,4.0
2380,26041.0,0.0,3.0
2381,26051.0,0.0,4.0
2382,26056.0,0.0,4.0
2383,26062.0,0.0,4.0
2384,26063.0,0.0,6.0
2385,26070.0,0.0,4.0
2386,26071.0,0.0,4.0
2387,26073.0,0.0,4.0
2388,26075.0,0.0,5.0
2389,26078.0,0.0,3.0
2390,26084.0,0.0,6.0
2391,26085.0,0.0,4.0
2392,26088.0,0.0,4.0
2393,26091.0,0.0,4.0
2394,26095.0,0.0,5.0
2395,26096.0,0.0,4.0
2396,26100.0,0.0,3.0
2397,26102.0,0.0,3.0
2398,26105.0,0.0,3.0
2399,26111.0,0.0,3.0
2400,26115.0,0.0,4.0
2401,26116.0,0.0,4.0
2402,26122.0,0.0,4.0
2403,26123.0,0.0,4.0
2404,26124.0,0.0,5.0
2405,26129.0,0.0,4.0
2406,26134.0,0.0,4.0
2407,26136.0,0.0,3.0
2408,26140.0,0.0,3.0
2409,26141.0,0.0,3.0
2410,26146.0,0.0,4.0
2411,26148.0,0.0,4.0
2412,26150.0,0.0,4.0
2413,26152.0,0.0,4.0
2414,26154.0,0.0,3.0
2415,26163.0,0.0,4.0
2416,26164.0,0.0,3.0
2417,26170.0,0.0,4.0
2418,26174.0,0.0,6.0
2419,26175.0,0.0,4.0
2420,26177.0,0.0,3.0
2421,26178.0,0.0,3.0
2422,26179.0,0.0,3.0
2423,26180.0,0.0,3.0
2424,26186.0,0.0,5.0
2425,26189.0,0.0,4.0
2426,26190.0,0.0,4.0
2427,26192.0,0.0,4.0
2428,26195.0,0.0,6.0
2429,26197.0,0.0,5.0
2430,26199.0,0.0,3.0
2431,26200.0,0.0,4.0
2432,26214.0,0.0,2.0
2433,26216.0,0.0,4.0
2434,26219.0,0.0,3.0
2435,26220.0,0.0,4.0
2436,26224.0,0.0,4.0
2437,26230.0,0.0,4.0
2438,26234.0,0.0,4.0
2439,26238.0,0.0,5.0
2440,26247.0,0.0,4.0
2441,26249.0,0.0,4.0
2442,26250.0,0.0,2.0
2443,26253.0,0.0,3.0
2444,26256.0,0.0,4.0
2445,26262.0,0.0,4.0
2446,26263.0,0.0,4.0
2447,26266.0,0.0,3.0
2448,26267.0,0.0,4.0
2449,26269.0,0.0,3.0
2450,26270.0,0.0,3.0
2451,26273.0,0.0,4.0
2452,26276.0,0.0,4.0
2453,26277.0,0.0,5.0
2454,26280.0,0.0,5.0
2455,26287.0,0.0,5.0
2456,26289.0,0.0,4.0
2457,26291.0,0.0,3.0
2458,26297.0,0.0,1.0
2459,26299.0,0.0,5.0
2460,26304.0,0.0,5.0
2461,26308.0,0.0,3.0
2462,26313.0,0.0,4.0
2463,26315.0,0.0,5.0
2464,26317.0,0.0,6.0
2465,26326.0,0.0,3.0
2466,26329.0,0.0,3.0
2467,26331.0,0.0,4.0
2468,26341.0,0.0,3.0
2469,26343.0,0.0,4.0
2470,26344.0,0.0,4.0
2471,26345.0,0.0,4.0
2472,26346.0,0.0,4.0
2473,26348.0,0.0,5.0
2474,26350.0,0.0,4.0
2475,26355.0,0.0,4.0
2476,26356.0,0.0,7.0
2477,26361.0,0.0,2.0
2478,26362.0,0.0,3.0
2479,26363.0,0.0,4.0
2480,26367.0,0.0,5.0
2481,26369.0,0.0,4.0
2482,26370.0,0.0,4.0
2483,26371.0,0.0,3.0
2484,26375.0,0.0,4.0
2485,26378.0,0.0,4.0
2486,26380.0,0.0,4.0
2487,26382.0,0.0,4.0
2488,26393.0,0.0,3.0
2489,26397.0,0.0,5.0
2490,26401.0,0.0,5.0
2491,26403.0,0.0,3.0
2492,26410.0,0.0,5.0
2493,26417.0,0.0,3.0
2494,26418.0,0.0,6.0
2495,26419.0,0.0,3.0
2496,26434.0,0.0,4.0
2497,26443.0,0.0,4.0
2498,26446.0,0.0,4.0
2499,26447.0,0.0,4.0
2500,26450.0,0.0,4.0
2501,26451.0,0.0,4.0
2502,26452.0,0.0,4.0
2503,26456.0,0.0,4.0
2504,26457.0,0.0,4.0
2505,26467.0,0.0,5.0
2506,26468.0,0.0,5.0
2507,26470.0,0.0,3.0
2508,26475.0,0.0,5.0
2509,26476.0,0.0,3.0
2510,26478.0,0.0,3.0
2511,26479.0,0.0,3.0
2512,26480.0,0.0,4.0
2513,26484.0,0.0,4.0
2514,26485.0,0.0,3.0
2515,26487.0,0.0,5.0
2516,26493.0,0.0,2.0
2517,26495.0,0.0,4.0
2518,26498.0,0.0,2.0
2519,26499.0,0.0,4.0
2520,26500.0,0.0,4.0
2521,26501.0,0.0,3.0
2522,26503.0,0.0,4.0
2523,26508.0,0.0,5.0
2524,26509.0,0.0,4.0
2525,26510.0,0.0,4.0
2526,26512.0,0.0,5.0
2527,26519.0,0.0,4.0
2528,26520.0,0.0,4.0
2529,26524.0,0.0,4.0
2530,26525.0,0.0,5.0
2531,26531.0,0.0,5.0
2532,26533.0,0.0,2.0
2533,26534.0,0.0,4.0
2534,26535.0,0.0,3.0
2535,26539.0,0.0,4.0
2536,26541.0,0.0,4.0
2537,26542.0,0.0,4.0
2538,26543.0,0.0,5.0
2539,26544.0,0.0,2.0
2540,26545.0,0.0,4.0
2541,26546.0,0.0,5.0
2542,26548.0,0.0,4.0
2543,26549.0,0.0,6.0
2544,26551.0,0.0,5.0
2545,26553.0,0.0,4.0
2546,26555.0,0.0,5.0
2547,26557.0,0.0,4.0
2548,26562.0,0.0,4.0
2549,26565.0,0.0,5.0
2550,26570.0,0.0,5.0
2551,26571.0,0.0,5.0
2552,26573.0,0.0,4.0
2553,26579.0,0.0,3.0
2554,26581.0,0.0,5.0
2555,26584.0,0.0,3.0
2556,26587.0,0.0,4.0
2557,26588.0,0.0,4.0
2558,26589.0,0.0,5.0
2559,26591.0,0.0,4.0
2560,26592.0,0.0,3.0
2561,26595.0,0.0,4.0
2562,26598.0,0.0,4.0
2563,26600.0,0.0,4.0
2564,26604.0,0.0,5.0
2565,26605.0,0.0,5.0
2566,26606.0,0.0,4.0
2567,26607.0,0.0,5.0
2568,26609.0,0.0,4.0
2569,26612.0,0.0,4.0
2570,26617.0,0.0,4.0
2571,26618.0,0.0,4.0
2572,26620.0,0.0,5.0
2573,26621.0,0.0,5.0
2574,26622.0,0.0,4.0
2575,26631.0,0.0,3.0
2576,26636.0,0.0,3.0
2577,26638.0,0.0,4.0
2578,26640.0,0.0,4.0
2579,26641.0,0.0,5.0
2580,26649.0,0.0,4.0
2581,26651.0,0.0,3.0
2582,26652.0,0.0,4.0
2583,26655.0,0.0,3.0
2584,26656.0,0.0,3.0
2585,26657.0,0.0,4.0
2586,26664.0,0.0,4.0
2587,26665.0,0.0,4.0
2588,26668.0,0.0,4.0
2589,26669.0,0.0,4.0
2590,26674.0,0.0,6.0
2591,26680.0,0.0,5.0
2592,26681.0,0.0,5.0
2593,26683.0,0.0,4.0
2594,26686.0,0.0,5.0
2595,26688.0,0.0,4.0
2596,26694.0,0.0,4.0
2597,26697.0,0.0,2.0
2598,26698.0,0.0,4.0
2599,26699.0,0.0,4.0
2600,26700.0,0.0,4.0
2601,26702.0,0.0,5.0
2602,26707.0,0.0,4.0
2603,26712.0,0.0,2.0
2604,26713.0,0.0,5.0
2605,26714.0,0.0,5.0
2606,26716.0,0.0,3.0
2607,26719.0,0.0,4.0
2608,26722.0,0.0,4.0
2609,26723.0,0.0,4.0
2610,26724.0,0.0,4.0
2611,26727.0,0.0,4.0
2612,26736.0,0.0,4.0
2613,26741.0,0.0,3.0
2614,26747.0,0.0,4.0
2615,26753.0,0.0,4.0
2616,26754.0,0.0,3.0
2617,26756.0,0.0,3.0
2618,26757.0,0.0,5.0
2619,26758.0,0.0,4.0
2620,26759.0,0.0,5.0
2621,26761.0,0.0,4.0
2622,26762.0,0.0,4.0
2623,26765.0,0.0,4.0
2624,26772.0,0.0,5.0
2625,26775.0,0.0,4.0
2626,26776.0,0.0,4.0
2627,26777.0,0.0,3.0
2628,26779.0,0.0,3.0
2629,26782.0,0.0,3.0
2630,26785.0,0.0,3.0
2631,26786.0,0.0,3.0
2632,26788.0,0.0,4.0
2633,26789.0,0.0,4.0
2634,26790.0,0.0,4.0
2635,26792.0,0.0,5.0
2636,26793.0,0.0,4.0
2637,26794.0,0.0,5.0
2638,26795.0,0.0,3.0
2639,26796.0,0.0,2.0
2640,26799.0,0.0,5.0
2641,26801.0,0.0,2.0
2642,26804.0,0.0,5.0
2643,26807.0,0.0,4.0
2644,26810.0,0.0,4.0
2645,26812.0,0.0,4.0
2646,26816.0,0.0,5.0
2647,26818.0,0.0,4.0
2648,26819.0,0.0,4.0
2649,26824.0,0.0,3.0
2650,26828.0,0.0,6.0
2651,26833.0,0.0,4.0
2652,26837.0,0.0,4.0
2653,26838.0,0.0,4.0
2654,26839.0,0.0,5.0
2655,26849.0,0.0,4.0
2656,26850.0,0.0,4.0
2657,26854.0,0.0,4.0
2658,26855.0,0.0,3.0
2659,26857.0,0.0,4.0
2660,26862.0,0.0,5.0
2661,26866.0,0.0,4.0
2662,26870.0,0.0,3.0
2663,26871.0,0.0,4.0
2664,26878.0,0.0,4.0
2665,26880.0,0.0,3.0
2666,26881.0,0.0,5.0
2667,26885.0,0.0,4.0
2668,26900.0,0.0,4.0
2669,26903.0,0.0,4.0
2670,26905.0,0.0,3.0
2671,26906.0,0.0,6.0
2672,26909.0,0.0,4.0
2673,26916.0,0.0,4.0
2674,26920.0,0.0,3.0
2675,26923.0,0.0,4.0
2676,26924.0,0.0,4.0
2677,26926.0,0.0,3.0
2678,26931.0,0.0,4.0
2679,26933.0,0.0,6.0
2680,26934.0,0.0,3.0
2681,26939.0,0.0,2.0
2682,26940.0,0.0,4.0
2683,26942.0,0.0,3.0
2684,26944.0,0.0,4.0
2685,26945.0,0.0,5.0
2686,26948.0,0.0,3.0
2687,26950.0,0.0,4.0
2688,26956.0,0.0,4.0
2689,26957.0,0.0,4.0
2690,26960.0,0.0,4.0
2691,26961.0,0.0,4.0
2692,26963.0,0.0,4.0
2693,26967.0,0.0,4.0
2694,26974.0,0.0,5.0
2695,26976.0,0.0,3.0
2696,26981.0,0.0,4.0
2697,26984.0,0.0,4.0
2698,26987.0,0.0,3.0
2699,26988.0,0.0,4.0
2700,26989.0,0.0,3.0
2701,26990.0,0.0,4.0
2702,26991.0,0.0,4.0
2703,26995.0,0.0,3.0
2704,26997.0,0.0,5.0
2705,26998.0,0.0,4.0
2706,26999.0,0.0,5.0
2707,27009.0,0.0,4.0
2708,27011.0,0.0,4.0
2709,27012.0,0.0,4.0
2710,27014.0,0.0,3.0
2711,27015.0,0.0,3.0
2712,27016.0,0.0,4.0
2713,27017.0,0.0,4.0
2714,27022.0,0.0,3.0
2715,27023.0,0.0,5.0
2716,27024.0,0.0,5.0
2717,27025.0,0.0,5.0
2718,27031.0,0.0,3.0
2719,27032.0,0.0,4.0
2720,27037.0,0.0,5.0
2721,27048.0,0.0,3.0
2722,27051.0,0.0,4.0
2723,27052.0,0.0,5.0
2724,27054.0,0.0,4.0
2725,27057.0,0.0,4.0
2726,27059.0,0.0,6.0
2727,27062.0,0.0,4.0
2728,27064.0,0.0,4.0
2729,27067.0,0.0,3.0
2730,27070.0,0.0,3.0
2731,27071.0,0.0,3.0
2732,27072.0,0.0,3.0
2733,27081.0,0.0,4.0
2734,27082.0,0.0,3.0
2735,27086.0,0.0,4.0
2736,27090.0,0.0,4.0
2737,27091.0,0.0,4.0
2738,27095.0,0.0,4.0
2739,27108.0,0.0,4.0
2740,27109.0,0.0,4.0
2741,27117.0,0.0,4.0
2742,27119.0,0.0,4.0
2743,27124.0,0.0,4.0
2744,27126.0,0.0,4.0
2745,27131.0,0.0,3.0
2746,27133.0,0.0,5.0
2747,27134.0,0.0,1.0
2748,27135.0,0.0,3.0
2749,27138.0,0.0,3.0
2750,27141.0,0.0,5.0
2751,27143.0,0.0,3.0
2752,27144.0,0.0,3.0
2753,27146.0,0.0,5.0
2754,27147.0,0.0,6.0
2755,27148.0,0.0,5.0
2756,27149.0,0.0,3.0
2757,27150.0,0.0,3.0
2758,27151.0,0.0,5.0
2759,27154.0,0.0,4.0
2760,27155.0,0.0,4.0
2761,27156.0,0.0,4.0
2762,27157.0,0.0,3.0
2763,27161.0,0.0,6.0
2764,27166.0,0.0,4.0
2765,27170.0,0.0,5.0
2766,27173.0,0.0,3.0
2767,27174.0,0.0,5.0
2768,27176.0,0.0,3.0
2769,27177.0,0.0,3.0
2770,27183.0,0.0,4.0
2771,27185.0,0.0,4.0
2772,27186.0,0.0,3.0
2773,27195.0,0.0,6.0
2774,27199.0,0.0,3.0
2775,27200.0,0.0,4.0
2776,27201.0,0.0,4.0
2777,27205.0,0.0,4.0
2778,27207.0,0.0,4.0
2779,27209.0,0.0,3.0
2780,27212.0,0.0,2.0
2781,27218.0,0.0,5.0
2782,27219.0,0.0,4.0
2783,27223.0,0.0,4.0
2784,27230.0,0.0,5.0
2785,27239.0,0.0,4.0
2786,27241.0,0.0,5.0
2787,27246.0,0.0,5.0
2788,27249.0,0.0,3.0
2789,27250.0,0.0,4.0
2790,27251.0,0.0,4.0
2791,27253.0,0.0,3.0
2792,27258.0,0.0,5.0
2793,27265.0,0.0,4.0
2794,27266.0,0.0,4.0
2795,27267.0,0.0,4.0
2796,27269.0,0.0,5.0
2797,27271.0,0.0,4.0
2798,27273.0,0.0,5.0
2799,27274.0,0.0,4.0
2800,27278.0,0.0,3.0
2801,27280.0,0.0,4.0
2802,27288.0,0.0,4.0
2803,27292.0,0.0,3.0
2804,27293.0,0.0,6.0
2805,27295.0,0.0,4.0
2806,27296.0,0.0,4.0
2807,27297.0,0.0,4.0
2808,27303.0,0.0,4.0
2809,27304.0,0.0,4.0
2810,27308.0,0.0,4.0
2811,27312.0,0.0,4.0
2812,27315.0,0.0,5.0
2813,27319.0,0.0,4.0
2814,27324.0,0.0,4.0
2815,27325.0,0.0,3.0
2816,27333.0,0.0,4.0
2817,27341.0,0.0,2.0
2818,27344.0,0.0,3.0
2819,27345.0,0.0,4.0
2820,27350.0,0.0,3.0
2821,27351.0,0.0,4.0
2822,27352.0,0.0,4.0
2823,27354.0,0.0,5.0
2824,27358.0,0.0,3.0
2825,27359.0,0.0,5.0
2826,27360.0,0.0,4.0
2827,27361.0,0.0,4.0
2828,27365.0,0.0,4.0
2829,27367.0,0.0,4.0
2830,27369.0,0.0,3.0
2831,27370.0,0.0,4.0
2832,27372.0,0.0,4.0
2833,27374.0,0.0,6.0
2834,27375.0,0.0,4.0
2835,27380.0,0.0,6.0
2836,27384.0,0.0,4.0
2837,27386.0,0.0,4.0
2838,27387.0,0.0,5.0
2839,27388.0,0.0,4.0
2840,27390.0,0.0,3.0
2841,27393.0,0.0,5.0
2842,27397.0,0.0,4.0
2843,27398.0,0.0,5.0
2844,27399.0,0.0,5.0
2845,27401.0,0.0,4.0
2846,27405.0,0.0,4.0
2847,27415.0,0.0,5.0
2848,27418.0,0.0,4.0
2849,27420.0,0.0,3.0
2850,27422.0,0.0,3.0
2851,27424.0,0.0,4.0
2852,27425.0,0.0,4.0
2853,27429.0,0.0,2.0
2854,27434.0,0.0,6.0
2855,27436.0,0.0,4.0
2856,27437.0,0.0,5.0
2857,27446.0,0.0,4.0
2858,27447.0,0.0,4.0
2859,27448.0,0.0,4.0
2860,27455.0,0.0,4.0
2861,27456.0,0.0,3.0
2862,27460.0,0.0,3.0
2863,27461.0,0.0,5.0
2864,27464.0,0.0,3.0
2865,27465.0,0.0,5.0
2866,27466.0,0.0,4.0
2867,27471.0,0.0,4.0
2868,27472.0,0.0,4.0
2869,27480.0,0.0,3.0
2870,27481.0,0.0,4.0
2871,27488.0,0.0,4.0
2872,27492.0,0.0,4.0
2873,27494.0,0.0,4.0
2874,27496.0,0.0,4.0
2875,27498.0,0.0,3.0
2876,27499.0,0.0,5.0
2877,27501.0,0.0,3.0
2878,27507.0,0.0,3.0
2879,27511.0,0.0,3.0
2880,27512.0,0.0,3.0
2881,27516.0,0.0,4.0
2882,27518.0,0.0,4.0
2883,27521.0,0.0,5.0
2884,27523.0,0.0,4.0
2885,27527.0,0.0,4.0
2886,27528.0,0.0,5.0
2887,27533.0,0.0,5.0
2888,27534.0,0.0,3.0
2889,27535.0,0.0,5.0
2890,27538.0,0.0,4.0
2891,27539.0,0.0,3.0
2892,27543.0,0.0,4.0
2893,27547.0,0.0,4.0
2894,27550.0,0.0,4.0
2895,27552.0,0.0,3.0
2896,27553.0,0.0,3.0
2897,27554.0,0.0,3.0
2898,27557.0,0.0,4.0
2899,27560.0,0.0,5.0
2900,27563.0,0.0,4.0
2901,27564.0,0.0,4.0
2902,27566.0,0.0,4.0
2903,27568.0,0.0,5.0
2904,27569.0,0.0,5.0
2905,27570.0,0.0,4.0
2906,27573.0,0.0,3.0
2907,27574.0,0.0,4.0
2908,27575.0,0.0,6.0
2909,27581.0,0.0,5.0
2910,27585.0,0.0,4.0
2911,27588.0,0.0,3.0
2912,27589.0,0.0,4.0
2913,27592.0,0.0,5.0
2914,27594.0,0.0,2.0
2915,27595.0,0.0,3.0
2916,27600.0,0.0,5.0
2917,27601.0,0.0,5.0
2918,27604.0,0.0,5.0
2919,27607.0,0.0,4.0
2920,27608.0,0.0,4.0
2921,27610.0,0.0,4.0
2922,27611.0,0.0,3.0
2923,27616.0,0.0,5.0
2924,27618.0,0.0,4.0
2925,27619.0,0.0,6.0
2926,27627.0,0.0,3.0
2927,27628.0,0.0,4.0
2928,27631.0,0.0,4.0
2929,27634.0,0.0,4.0
2930,27635.0,0.0,4.0
2931,27638.0,0.0,5.0
2932,27656.0,0.0,5.0
2933,27657.0,0.0,3.0
2934,27660.0,0.0,4.0
2935,27661.0,0.0,3.0
2936,27666.0,0.0,4.0
2937,27671.0,0.0,5.0
2938,27672.0,0.0,4.0
2939,27673.0,0.0,4.0
2940,27674.0,0.0,4.0
2941,27677.0,0.0,4.0
2942,27678.0,0.0,4.0
2943,27681.0,0.0,4.0
2944,27686.0,0.0,4.0
2945,27687.0,0.0,5.0
2946,27691.0,0.0,4.0
2947,27694.0,0.0,4.0
2948,27695.0,0.0,4.0
2949,27697.0,0.0,5.0
2950,27698.0,0.0,4.0
2951,27699.0,0.0,3.0
2952,27702.0,0.0,5.0
2953,27703.0,0.0,4.0
2954,27704.0,0.0,5.0
2955,27707.0,0.0,4.0
2956,27708.0,0.0,4.0
2957,27710.0,0.0,4.0
2958,27717.0,0.0,4.0
2959,27718.0,0.0,4.0
2960,27721.0,0.0,3.0
2961,27727.0,0.0,4.0
2962,27730.0,0.0,4.0
2963,27731.0,0.0,5.0
2964,27732.0,0.0,4.0
2965,27737.0,0.0,4.0
2966,27738.0,0.0,4.0
2967,27742.0,0.0,5.0
2968,27745.0,0.0,3.0
2969,27746.0,0.0,5.0
2970,27748.0,0.0,2.0
2971,27749.0,0.0,4.0
2972,27754.0,0.0,6.0
2973,27762.0,0.0,4.0
2974,27765.0,0.0,6.0
2975,27773.0,0.0,4.0
2976,27774.0,0.0,3.0
2977,27779.0,0.0,4.0
2978,27783.0,0.0,5.0
2979,27784.0,0.0,4.0
2980,27798.0,0.0,5.0
2981,27800.0,0.0,4.0
2982,27811.0,0.0,3.0
2983,27815.0,0.0,6.0
2984,27819.0,0.0,4.0
2985,27822.0,0.0,3.0
2986,27825.0,0.0,3.0
2987,27826.0,0.0,5.0
2988,27827.0,0.0,4.0
2989,27835.0,0.0,4.0
2990,27837.0,0.0,2.0
2991,27842.0,0.0,6.0
2992,27844.0,0.0,4.0
2993,27845.0,0.0,5.0
2994,27848.0,0.0,2.0
2995,27853.0,0.0,4.0
2996,27856.0,0.0,5.0
2997,27861.0,0.0,4.0
2998,27862.0,0.0,3.0
2999,27864.0,0.0,4.0
3000,27865.0,0.0,4.0
3001,27868.0,0.0,6.0
3002,27872.0,0.0,3.0
3003,27873.0,0.0,4.0
3004,27875.0,0.0,5.0
3005,27876.0,0.0,4.0
3006,27881.0,0.0,3.0
3007,27882.0,0.0,4.0
3008,27886.0,0.0,3.0
3009,27887.0,0.0,3.0
3010,27891.0,0.0,4.0
3011,27897.0,0.0,3.0
3012,27899.0,0.0,4.0
3013,27903.0,0.0,3.0
3014,27905.0,0.0,5.0
3015,27906.0,0.0,2.0
3016,27907.0,0.0,5.0
3017,27915.0,0.0,4.0
3018,27918.0,0.0,5.0
3019,27930.0,0.0,4.0
3020,27931.0,0.0,3.0
3021,27932.0,0.0,4.0
3022,27937.0,0.0,5.0
3023,27938.0,0.0,4.0
3024,27940.0,0.0,4.0
3025,27942.0,0.0,4.0
3026,27954.0,0.0,5.0
3027,27959.0,0.0,4.0
3028,27967.0,0.0,4.0
3029,27968.0,0.0,4.0
3030,27970.0,0.0,4.0
3031,27975.0,0.0,4.0
3032,27976.0,0.0,4.0
3033,27978.0,0.0,3.0
3034,27979.0,0.0,2.0
3035,27980.0,0.0,4.0
3036,27981.0,0.0,4.0
3037,27984.0,0.0,3.0
3038,27985.0,0.0,4.0
3039,27986.0,0.0,4.0
3040,27993.0,0.0,4.0
3041,27994.0,0.0,6.0
3042,27998.0,0.0,4.0
3043,28000.0,0.0,4.0
3044,28001.0,0.0,2.0
3045,28004.0,0.0,4.0
3046,28005.0,0.0,4.0
3047,28010.0,0.0,4.0
3048,28011.0,0.0,3.0
3049,28012.0,0.0,5.0
3050,28016.0,0.0,4.0
3051,28017.0,0.0,4.0
3052,28019.0,0.0,4.0
3053,28024.0,0.0,3.0
3054,28026.0,0.0,5.0
3055,28033.0,0.0,5.0
3056,28039.0,0.0,4.0
3057,28043.0,0.0,4.0
3058,28045.0,0.0,3.0
3059,28047.0,0.0,4.0
3060,28048.0,0.0,6.0
3061,28049.0,0.0,3.0
3062,28058.0,0.0,4.0
3063,28059.0,0.0,3.0
3064,28060.0,0.0,3.0
3065,28066.0,0.0,3.0
3066,28067.0,0.0,4.0
3067,28068.0,0.0,3.0
3068,28069.0,0.0,4.0
3069,28072.0,0.0,3.0
3070,28073.0,0.0,5.0
3071,28074.0,0.0,4.0
3072,28077.0,0.0,3.0
3073,28078.0,0.0,5.0
3074,28082.0,0.0,3.0
3075,28089.0,0.0,3.0
3076,28090.0,0.0,4.0
3077,28093.0,0.0,4.0
3078,28095.0,0.0,5.0
3079,28099.0,0.0,3.0
3080,28108.0,0.0,4.0
3081,28109.0,0.0,4.0
3082,28114.0,0.0,4.0
3083,28117.0,0.0,5.0
3084,28118.0,0.0,4.0
3085,28123.0,0.0,4.0
3086,28125.0,0.0,4.0
3087,28132.0,0.0,5.0
3088,28135.0,0.0,4.0
3089,28136.0,0.0,1.0
3090,28141.0,0.0,3.0
3091,28145.0,0.0,3.0
3092,28148.0,0.0,4.0
3093,28150.0,0.0,5.0
3094,28153.0,0.0,4.0
3095,28156.0,0.0,4.0
3096,28157.0,0.0,4.0
3097,28162.0,0.0,4.0
3098,28167.0,0.0,3.0
3099,28168.0,0.0,3.0
3100,28169.0,0.0,2.0
3101,28172.0,0.0,5.0
3102,28184.0,0.0,5.0
3103,28186.0,0.0,4.0
3104,28189.0,0.0,4.0
3105,28193.0,0.0,3.0
3106,28194.0,0.0,4.0
3107,28197.0,0.0,3.0
3108,28199.0,0.0,4.0
3109,28200.0,0.0,4.0
3110,28210.0,0.0,4.0
3111,28213.0,0.0,4.0
3112,28214.0,0.0,4.0
3113,28216.0,0.0,3.0
3114,28223.0,0.0,4.0
3115,28226.0,0.0,3.0
3116,28227.0,0.0,6.0
3117,28228.0,0.0,3.0
3118,28230.0,0.0,4.0
3119,28231.0,0.0,3.0
3120,28232.0,0.0,5.0
3121,28234.0,0.0,6.0
3122,28240.0,0.0,3.0
3123,28241.0,0.0,4.0
3124,28246.0,0.0,4.0
3125,28252.0,0.0,2.0
3126,28254.0,0.0,4.0
3127,28258.0,0.0,3.0
3128,28262.0,0.0,4.0
3129,28263.0,0.0,4.0
3130,28264.0,0.0,4.0
3131,28267.0,0.0,3.0
3132,28269.0,0.0,4.0
3133,28273.0,0.0,4.0
3134,28274.0,0.0,4.0
3135,28276.0,0.0,4.0
3136,28279.0,0.0,3.0
3137,28282.0,0.0,3.0
3138,28283.0,0.0,3.0
3139,28285.0,0.0,4.0
3140,28289.0,0.0,4.0
3141,28293.0,0.0,4.0
3142,28295.0,0.0,4.0
3143,28296.0,0.0,3.0
3144,28298.0,0.0,4.0
3145,28300.0,0.0,4.0
3146,28303.0,0.0,5.0
3147,28304.0,0.0,3.0
3148,28306.0,0.0,4.0
3149,28311.0,0.0,4.0
3150,28312.0,0.0,5.0
3151,28313.0,0.0,4.0
3152,28314.0,0.0,4.0
3153,28315.0,0.0,4.0
3154,28317.0,0.0,6.0
3155,28319.0,0.0,5.0
3156,28320.0,0.0,4.0
3157,28324.0,0.0,4.0
3158,28329.0,0.0,4.0
3159,28331.0,0.0,3.0
3160,28332.0,0.0,4.0
3161,28333.0,0.0,4.0
3162,28336.0,0.0,4.0
3163,28337.0,0.0,4.0
3164,28338.0,0.0,4.0
3165,28339.0,0.0,4.0
3166,28342.0,0.0,4.0
3167,28343.0,0.0,3.0
3168,28344.0,0.0,5.0
3169,28349.0,0.0,3.0
3170,28350.0,0.0,3.0
3171,28351.0,0.0,4.0
3172,28354.0,0.0,6.0
3173,28355.0,0.0,4.0
3174,28362.0,0.0,4.0
3175,28364.0,0.0,5.0
3176,28367.0,0.0,3.0
3177,28369.0,0.0,5.0
3178,28370.0,0.0,4.0
3179,28371.0,0.0,4.0
3180,28377.0,0.0,2.0
3181,28384.0,0.0,5.0
3182,28386.0,0.0,4.0
3183,28387.0,0.0,5.0
3184,28388.0,0.0,4.0
3185,28389.0,0.0,4.0
3186,28391.0,0.0,5.0
3187,28393.0,0.0,4.0
3188,28399.0,0.0,6.0
3189,28403.0,0.0,4.0
3190,28404.0,0.0,4.0
3191,28408.0,0.0,4.0
3192,28410.0,0.0,3.0
3193,28418.0,0.0,3.0
3194,28419.0,0.0,5.0
3195,28420.0,0.0,4.0
3196,28422.0,0.0,4.0
3197,28423.0,0.0,4.0
3198,28427.0,0.0,4.0
3199,28428.0,0.0,4.0
3200,28430.0,0.0,4.0
3201,28433.0,0.0,5.0
3202,28437.0,0.0,4.0
3203,28440.0,0.0,6.0
3204,28445.0,0.0,6.0
3205,28446.0,0.0,5.0
3206,28449.0,0.0,4.0
3207,28450.0,0.0,4.0
3208,28452.0,0.0,3.0
3209,28459.0,0.0,4.0
3210,28461.0,0.0,5.0
3211,28468.0,0.0,4.0
3212,28469.0,0.0,3.0
3213,28470.0,0.0,5.0
3214,28475.0,0.0,4.0
3215,28476.0,0.0,5.0
3216,28477.0,0.0,4.0
3217,28479.0,0.0,4.0
3218,28482.0,0.0,6.0
3219,28484.0,0.0,4.0
3220,28490.0,0.0,4.0
3221,28491.0,0.0,4.0
3222,28497.0,0.0,5.0
3223,28500.0,0.0,3.0
3224,28504.0,0.0,4.0
3225,28505.0,0.0,6.0
3226,28506.0,0.0,4.0
3227,28507.0,0.0,3.0
3228,28509.0,0.0,4.0
3229,28510.0,0.0,4.0
3230,28514.0,0.0,5.0
3231,28520.0,0.0,3.0
3232,28523.0,0.0,6.0
3233,28528.0,0.0,3.0
3234,28531.0,0.0,4.0
3235,28534.0,0.0,5.0
3236,28541.0,0.0,4.0
3237,28543.0,0.0,6.0
3238,28544.0,0.0,4.0
3239,28545.0,0.0,4.0
3240,28547.0,0.0,4.0
3241,28548.0,0.0,6.0
3242,28550.0,0.0,4.0
3243,28556.0,0.0,4.0
3244,28560.0,0.0,4.0
3245,28561.0,0.0,4.0
3246,28563.0,0.0,5.0
3247,28564.0,0.0,4.0
3248,28571.0,0.0,3.0
3249,28576.0,0.0,5.0
3250,28577.0,0.0,3.0
3251,28581.0,0.0,5.0
3252,28584.0,0.0,5.0
3253,28589.0,0.0,4.0
3254,28599.0,0.0,3.0
3255,28605.0,0.0,4.0
3256,28606.0,0.0,4.0
3257,28608.0,0.0,4.0
3258,28609.0,0.0,4.0
3259,28611.0,0.0,4.0
3260,28612.0,0.0,3.0
3261,28614.0,0.0,5.0
3262,28619.0,0.0,4.0
3263,28620.0,0.0,4.0
3264,28621.0,0.0,5.0
3265,28622.0,0.0,3.0
3266,28626.0,0.0,4.0
3267,28627.0,0.0,3.0
3268,28629.0,0.0,3.0
3269,28630.0,0.0,6.0
3270,28636.0,0.0,6.0
3271,28638.0,0.0,3.0
3272,28639.0,0.0,2.0
3273,28641.0,0.0,4.0
3274,28643.0,0.0,6.0
3275,28647.0,0.0,4.0
3276,28649.0,0.0,6.0
3277,28650.0,0.0,4.0
3278,28655.0,0.0,4.0
3279,28656.0,0.0,4.0
3280,28658.0,0.0,5.0
3281,28662.0,0.0,4.0
3282,28663.0,0.0,5.0
3283,28664.0,0.0,5.0
3284,28665.0,0.0,5.0
3285,28669.0,0.0,4.0
3286,28671.0,0.0,4.0
3287,28674.0,0.0,4.0
3288,28679.0,0.0,4.0
3289,28681.0,0.0,4.0
3290,28684.0,0.0,4.0
3291,28688.0,0.0,4.0
3292,28691.0,0.0,4.0
3293,28694.0,0.0,4.0
3294,28703.0,0.0,4.0
3295,28707.0,0.0,4.0
3296,28708.0,0.0,3.0
3297,28709.0,0.0,4.0
3298,28713.0,0.0,5.0
3299,28715.0,0.0,3.0
3300,28717.0,0.0,2.0
3301,28721.0,0.0,5.0
3302,28722.0,0.0,3.0
3303,28723.0,0.0,5.0
3304,28724.0,0.0,5.0
3305,28726.0,0.0,4.0
3306,28730.0,0.0,4.0
3307,28732.0,0.0,3.0
3308,28735.0,0.0,5.0
3309,28740.0,0.0,4.0
3310,28744.0,0.0,4.0
3311,28750.0,0.0,4.0
3312,28752.0,0.0,4.0
3313,28753.0,0.0,4.0
3314,28754.0,0.0,4.0
3315,28757.0,0.0,3.0
3316,28762.0,0.0,4.0
3317,28764.0,0.0,5.0
3318,28767.0,0.0,2.0
3319,28769.0,0.0,4.0
3320,28771.0,0.0,6.0
3321,28774.0,0.0,4.0
3322,28776.0,0.0,4.0
3323,28780.0,0.0,5.0
3324,28782.0,0.0,4.0
3325,28784.0,0.0,4.0
3326,28793.0,0.0,3.0
3327,28802.0,0.0,4.0
3328,28803.0,0.0,4.0
3329,28806.0,0.0,4.0
3330,28807.0,0.0,4.0
3331,28816.0,0.0,5.0
3332,28821.0,0.0,4.0
3333,28825.0,0.0,4.0
3334,28827.0,0.0,3.0
3335,28833.0,0.0,4.0
3336,28835.0,0.0,5.0
3337,28839.0,0.0,6.0
3338,28840.0,0.0,4.0
3339,28841.0,0.0,4.0
3340,28845.0,0.0,5.0
3341,28851.0,0.0,4.0
3342,28856.0,0.0,4.0
3343,28858.0,0.0,4.0
3344,28860.0,0.0,4.0
3345,28861.0,0.0,4.0
3346,28866.0,0.0,5.0
3347,28869.0,0.0,5.0
3348,28878.0,0.0,4.0
3349,28888.0,0.0,4.0
3350,28889.0,0.0,4.0
3351,28890.0,0.0,3.0
3352,28893.0,0.0,4.0
3353,28895.0,0.0,4.0
3354,28896.0,0.0,4.0
3355,28897.0,0.0,4.0
3356,28899.0,0.0,4.0
3357,28900.0,0.0,6.0
3358,28903.0,0.0,5.0
3359,28904.0,0.0,4.0
3360,28906.0,0.0,6.0
3361,28910.0,0.0,2.0
3362,28916.0,0.0,5.0
3363,28918.0,0.0,4.0
3364,28919.0,0.0,5.0
3365,28923.0,0.0,5.0
3366,28928.0,0.0,4.0
3367,28929.0,0.0,4.0
3368,28931.0,0.0,5.0
3369,28933.0,0.0,3.0
3370,28935.0,0.0,6.0
3371,28937.0,0.0,5.0
3372,28938.0,0.0,5.0
3373,28939.0,0.0,3.0
3374,28943.0,0.0,5.0
3375,28948.0,0.0,4.0
3376,28950.0,0.0,5.0
3377,28951.0,0.0,2.0
3378,28955.0,0.0,3.0
3379,28957.0,0.0,4.0
3380,28965.0,0.0,4.0
3381,28968.0,0.0,3.0
3382,28970.0,0.0,4.0
3383,28971.0,0.0,2.0
3384,28972.0,0.0,5.0
3385,28973.0,0.0,4.0
3386,28976.0,0.0,3.0
3387,28977.0,0.0,4.0
3388,28979.0,0.0,4.0
3389,28985.0,0.0,3.0
3390,28989.0,0.0,4.0
3391,28991.0,0.0,4.0
3392,28994.0,0.0,4.0
3393,28996.0,0.0,3.0
3394,29000.0,0.0,4.0
3395,29001.0,0.0,4.0
3396,29007.0,0.0,4.0
3397,29009.0,0.0,5.0
3398,29010.0,0.0,4.0
3399,29013.0,0.0,4.0
3400,29019.0,0.0,4.0
3401,29025.0,0.0,5.0
3402,29026.0,0.0,4.0
3403,29030.0,0.0,3.0
3404,29034.0,0.0,4.0
3405,29038.0,0.0,3.0
3406,29042.0,0.0,5.0
3407,29043.0,0.0,3.0
3408,29044.0,0.0,4.0
3409,29045.0,0.0,4.0
3410,29049.0,0.0,4.0
3411,29050.0,0.0,4.0
3412,29058.0,0.0,3.0
3413,29059.0,0.0,5.0
3414,29064.0,0.0,5.0
3415,29071.0,0.0,5.0
3416,29077.0,0.0,4.0
3417,29079.0,0.0,4.0
3418,29080.0,0.0,5.0
3419,29081.0,0.0,3.0
3420,29082.0,0.0,4.0
3421,29083.0,0.0,4.0
3422,29086.0,0.0,2.0
3423,29087.0,0.0,5.0
3424,29089.0,0.0,3.0
3425,29095.0,0.0,4.0
3426,29097.0,0.0,6.0
3427,29098.0,0.0,3.0
3428,29099.0,0.0,4.0
3429,29101.0,0.0,3.0
3430,29102.0,0.0,5.0
3431,29103.0,0.0,4.0
3432,29104.0,0.0,4.0
3433,29106.0,0.0,3.0
3434,29107.0,0.0,4.0
3435,29108.0,0.0,4.0
3436,29111.0,0.0,4.0
3437,29112.0,0.0,5.0
3438,29113.0,0.0,3.0
3439,29115.0,0.0,3.0
3440,29117.0,0.0,6.0
3441,29119.0,0.0,4.0
3442,29120.0,0.0,1.0
3443,29124.0,0.0,4.0
3444,29127.0,0.0,4.0
3445,29130.0,0.0,4.0
3446,29134.0,0.0,4.0
3447,29136.0,0.0,4.0
3448,29137.0,0.0,4.0
3449,29138.0,0.0,4.0
3450,29147.0,0.0,4.0
3451,29150.0,0.0,3.0
3452,29151.0,0.0,3.0
3453,29155.0,0.0,4.0
3454,29157.0,0.0,3.0
3455,29158.0,0.0,4.0
3456,29159.0,0.0,5.0
3457,29163.0,0.0,4.0
3458,29165.0,0.0,4.0
3459,29166.0,0.0,4.0
3460,29167.0,0.0,4.0
3461,29168.0,0.0,5.0
3462,29173.0,0.0,5.0
3463,29175.0,0.0,5.0
3464,29181.0,0.0,4.0
3465,29183.0,0.0,4.0
3466,29190.0,0.0,3.0
3467,29202.0,0.0,5.0
3468,29204.0,0.0,4.0
3469,29205.0,0.0,5.0
3470,29206.0,0.0,3.0
3471,29210.0,0.0,4.0
3472,29211.0,0.0,2.0
3473,29212.0,0.0,5.0
3474,29213.0,0.0,3.0
3475,29214.0,0.0,4.0
3476,29220.0,0.0,3.0
3477,29224.0,0.0,5.0
3478,29226.0,0.0,4.0
3479,29232.0,0.0,2.0
3480,29235.0,0.0,5.0
3481,29236.0,0.0,5.0
3482,29237.0,0.0,5.0
3483,29248.0,0.0,4.0
3484,29249.0,0.0,4.0
3485,29251.0,0.0,4.0
3486,29254.0,0.0,4.0
3487,29255.0,0.0,3.0
3488,29256.0,0.0,4.0
3489,29257.0,0.0,4.0
3490,29258.0,0.0,4.0
3491,29259.0,0.0,5.0
3492,29260.0,0.0,5.0
3493,29262.0,0.0,3.0
3494,29263.0,0.0,4.0
3495,29272.0,0.0,4.0
3496,29273.0,0.0,4.0
3497,29277.0,0.0,4.0
3498,29279.0,0.0,4.0
3499,29283.0,0.0,3.0
3500,29290.0,0.0,3.0
3501,29291.0,0.0,3.0
3502,29292.0,0.0,3.0
3503,29294.0,0.0,3.0
3504,29302.0,0.0,3.0
3505,29305.0,0.0,4.0
3506,29310.0,0.0,4.0
3507,29314.0,0.0,4.0
3508,29316.0,0.0,3.0
3509,29318.0,0.0,4.0
3510,29319.0,0.0,4.0
3511,29322.0,0.0,3.0
3512,29323.0,0.0,2.0
3513,29324.0,0.0,4.0
3514,29331.0,0.0,6.0
3515,29334.0,0.0,4.0
3516,29335.0,0.0,5.0
3517,29339.0,0.0,5.0
3518,29343.0,0.0,4.0
3519,29346.0,0.0,5.0
3520,29350.0,0.0,4.0
3521,29351.0,0.0,3.0
3522,29352.0,0.0,5.0
3523,29353.0,0.0,2.0
3524,29356.0,0.0,5.0
3525,29360.0,0.0,4.0
3526,29362.0,0.0,3.0
3527,29363.0,0.0,6.0
3528,29368.0,0.0,3.0
3529,29370.0,0.0,4.0
3530,29372.0,0.0,4.0
3531,29376.0,0.0,4.0
3532,29377.0,0.0,4.0
3533,29378.0,0.0,4.0
3534,29379.0,0.0,4.0
3535,29383.0,0.0,5.0
3536,29385.0,0.0,4.0
3537,29386.0,0.0,6.0
3538,29389.0,0.0,3.0
3539,29390.0,0.0,4.0
3540,29394.0,0.0,4.0
3541,29398.0,0.0,4.0
3542,29400.0,0.0,4.0
3543,29403.0,0.0,4.0
3544,29404.0,0.0,4.0
3545,29406.0,0.0,3.0
3546,29411.0,0.0,5.0
3547,29414.0,0.0,3.0
3548,29415.0,0.0,3.0
3549,29421.0,0.0,4.0
3550,29425.0,0.0,4.0
3551,29426.0,0.0,5.0
3552,29428.0,0.0,3.0
3553,29431.0,0.0,4.0
3554,29437.0,0.0,4.0
3555,29439.0,0.0,5.0
3556,29441.0,0.0,4.0
3557,29442.0,0.0,4.0
3558,29445.0,0.0,6.0
3559,29446.0,0.0,5.0
3560,29451.0,0.0,4.0
3561,29452.0,0.0,4.0
3562,29456.0,0.0,4.0
3563,29457.0,0.0,4.0
3564,29458.0,0.0,4.0
3565,29465.0,0.0,5.0
3566,29470.0,0.0,4.0
3567,29472.0,0.0,4.0
3568,29476.0,0.0,5.0
3569,29480.0,0.0,5.0
3570,29481.0,0.0,5.0
3571,29484.0,0.0,4.0
3572,29487.0,0.0,4.0
3573,29488.0,0.0,4.0
3574,29489.0,0.0,6.0
3575,29495.0,0.0,5.0
3576,29496.0,0.0,4.0
3577,29497.0,0.0,3.0
3578,29501.0,0.0,3.0
3579,29502.0,0.0,5.0
3580,29505.0,0.0,4.0
3581,29509.0,0.0,4.0
3582,29514.0,0.0,4.0
3583,29516.0,0.0,3.0
3584,29517.0,0.0,3.0
3585,29523.0,0.0,3.0
3586,29528.0,0.0,5.0
3587,29531.0,0.0,4.0
3588,29534.0,0.0,5.0
3589,29535.0,0.0,2.0
3590,29540.0,0.0,4.0
3591,29547.0,0.0,4.0
3592,29548.0,0.0,4.0
3593,29549.0,0.0,4.0
3594,29551.0,0.0,3.0
3595,29553.0,0.0,4.0
3596,29557.0,0.0,4.0
3597,29562.0,0.0,4.0
3598,29563.0,0.0,4.0
3599,29572.0,0.0,4.0
3600,29574.0,0.0,4.0
3601,29575.0,0.0,4.0
3602,29576.0,0.0,5.0
3603,29578.0,0.0,5.0
3604,29579.0,0.0,4.0
3605,29584.0,0.0,2.0
3606,29585.0,0.0,4.0
3607,29587.0,0.0,4.0
3608,29590.0,0.0,4.0
3609,29593.0,0.0,4.0
3610,29596.0,0.0,5.0
3611,29597.0,0.0,7.0
3612,29603.0,0.0,5.0
3613,29604.0,0.0,3.0
3614,29609.0,0.0,4.0
3615,29612.0,0.0,4.0
3616,29613.0,0.0,5.0
3617,29614.0,0.0,4.0
3618,29615.0,0.0,4.0
3619,29616.0,0.0,4.0
3620,29617.0,0.0,5.0
3621,29619.0,0.0,4.0
3622,29620.0,0.0,4.0
3623,29623.0,0.0,4.0
3624,29631.0,0.0,3.0
3625,29633.0,0.0,4.0
3626,29634.0,0.0,2.0
3627,29637.0,0.0,3.0
3628,29638.0,0.0,5.0
3629,29646.0,0.0,4.0
3630,29649.0,0.0,4.0
3631,29652.0,0.0,3.0
3632,29655.0,0.0,3.0
3633,29657.0,0.0,4.0
3634,29659.0,0.0,4.0
3635,29660.0,0.0,3.0
3636,29677.0,0.0,5.0
3637,29682.0,0.0,4.0
3638,29683.0,0.0,5.0
3639,29685.0,0.0,5.0
3640,29686.0,0.0,4.0
3641,29688.0,0.0,2.0
3642,29689.0,0.0,4.0
3643,29691.0,0.0,6.0
3644,29694.0,0.0,4.0
3645,29700.0,0.0,5.0
3646,29702.0,0.0,6.0
3647,29705.0,0.0,5.0
3648,29706.0,0.0,4.0
3649,29707.0,0.0,6.0
3650,29710.0,0.0,3.0
3651,29713.0,0.0,3.0
3652,29717.0,0.0,4.0
3653,29722.0,0.0,4.0
3654,29731.0,0.0,5.0
3655,29733.0,0.0,4.0
3656,29738.0,0.0,5.0
3657,29742.0,0.0,5.0
3658,29745.0,0.0,4.0
3659,29748.0,0.0,3.0
3660,29750.0,0.0,4.0
3661,29751.0,0.0,4.0
3662,29754.0,0.0,4.0
3663,29757.0,0.0,6.0
3664,29759.0,0.0,5.0
3665,29763.0,0.0,5.0
3666,29768.0,0.0,4.0
3667,29769.0,0.0,4.0
3668,29770.0,0.0,3.0
3669,29773.0,0.0,6.0
3670,29781.0,0.0,5.0
3671,29782.0,0.0,4.0
3672,29784.0,0.0,4.0
3673,29785.0,0.0,4.0
3674,29786.0,0.0,3.0
3675,29789.0,0.0,3.0
3676,29792.0,0.0,2.0
3677,29805.0,0.0,4.0
3678,29806.0,0.0,5.0
3679,29814.0,0.0,4.0
3680,29821.0,0.0,4.0
3681,29824.0,0.0,3.0
3682,29825.0,0.0,4.0
3683,29833.0,0.0,2.0
3684,29836.0,0.0,5.0
3685,29839.0,0.0,5.0
3686,29840.0,0.0,4.0
3687,29841.0,0.0,5.0
3688,29843.0,0.0,4.0
3689,29844.0,0.0,3.0
3690,29857.0,0.0,4.0
3691,29858.0,0.0,6.0
3692,29859.0,0.0,4.0
3693,29864.0,0.0,4.0
3694,29865.0,0.0,4.0
3695,29871.0,0.0,4.0
3696,29877.0,0.0,6.0
3697,29881.0,0.0,6.0
3698,29885.0,0.0,4.0
3699,29889.0,0.0,4.0
3700,29891.0,0.0,5.0
