,0
0,theta_store
1,6.0
2,6.0
3,6.0
4,6.0
5,6.0
6,6.0
7,6.0
8,6.0
9,6.0
10,6.0
11,6.0
12,6.0
13,6.0
14,6.0
15,6.0
16,6.0
17,6.0
18,6.0
19,6.0
20,6.0
21,6.0
22,6.0
23,6.0
24,6.0
25,6.0
26,6.0
27,6.0
28,6.0
29,6.0
30,6.0
31,6.0
32,6.0
33,6.0
34,6.0
35,6.0
36,6.0
37,6.0
38,6.0
39,6.0
40,6.0
41,6.0
42,6.0
43,6.0
44,6.0
45,6.0
46,6.0
47,6.0
48,6.0
49,6.0
50,6.0
51,6.0
52,6.0
53,6.0
54,6.0
55,6.0
56,6.0
57,6.0
58,6.0
59,6.0
60,6.0
61,6.0
62,6.0
63,6.0
64,6.0
65,6.0
66,6.0
67,6.0
68,6.0
69,6.0
70,6.0
71,6.0
72,6.0
73,6.0
74,6.0
75,6.0
76,6.0
77,6.0
78,6.0
79,6.0
80,6.0
81,6.0
82,6.0
83,6.0
84,6.0
85,6.0
86,6.0
87,6.0
88,6.0
89,6.0
90,6.0
91,6.0
92,6.0
93,6.0
94,6.0
95,6.0
96,6.0
97,6.0
98,6.0
99,6.0
100,6.0
101,4.5
102,4.5
103,4.5
104,4.5
105,4.5
106,4.5
107,4.5
108,4.5
109,4.5
110,4.5
111,4.5
112,4.5
113,4.5
114,4.5
115,4.5
116,4.5
117,4.5
118,4.5
119,4.5
120,4.5
121,4.5
122,4.5
123,4.5
124,4.5
125,4.5
126,4.5
127,4.5
128,4.5
129,4.5
130,4.5
131,4.5
132,4.5
133,4.5
134,4.5
135,4.5
136,4.5
137,4.5
138,4.5
139,4.5
140,4.5
141,4.5
142,4.5
143,4.5
144,4.5
145,4.5
146,4.5
147,4.5
148,4.5
149,4.5
150,4.5
151,4.5
152,4.5
153,4.5
154,4.5
155,4.5
156,4.5
157,4.5
158,4.5
159,4.5
160,4.5
161,4.5
162,4.5
163,4.5
164,4.5
165,4.5
166,4.5
167,4.5
168,4.5
169,4.5
170,4.5
171,4.5
172,4.5
173,4.5
174,4.5
175,4.5
176,4.5
177,4.5
178,4.5
179,4.5
180,4.5
181,4.5
182,4.5
183,4.5
184,4.5
185,4.5
186,4.5
187,4.5
188,4.5
189,4.5
190,4.5
191,4.5
192,4.5
193,4.5
194,4.5
195,4.5
196,4.5
197,4.5
198,4.5
199,4.5
200,4.5
201,4.0
202,4.0
203,4.0
204,4.0
205,4.0
206,4.0
207,4.0
208,4.0
209,4.0
210,4.0
211,4.0
212,4.0
213,4.0
214,4.0
215,4.0
216,4.0
217,4.0
218,4.0
219,4.0
220,4.0
221,4.0
222,4.0
223,4.0
224,4.0
225,4.0
226,4.0
227,4.0
228,4.0
229,4.0
230,4.0
231,4.0
232,4.0
233,4.0
234,4.0
235,4.0
236,4.0
237,4.0
238,4.0
239,4.0
240,4.0
241,4.0
242,4.0
243,4.0
244,4.0
245,4.0
246,4.0
247,4.0
248,4.0
249,4.0
250,4.0
251,4.0
252,4.0
253,4.0
254,4.0
255,4.0
256,4.0
257,4.0
258,4.0
259,4.0
260,4.0
261,4.0
262,4.0
263,4.0
264,4.0
265,4.0
266,4.0
267,4.0
268,4.0
269,4.0
270,4.0
271,4.0
272,4.0
273,4.0
274,4.0
275,4.0
276,4.0
277,4.0
278,4.0
279,4.0
280,4.0
281,4.0
282,4.0
283,4.0
284,4.0
285,4.0
286,4.0
287,4.0
288,4.0
289,4.0
290,4.0
291,4.0
292,4.0
293,4.0
294,4.0
295,4.0
296,4.0
297,4.0
298,4.0
299,4.0
300,4.0
301,3.75
302,3.75
303,3.75
304,3.75
305,3.75
306,3.75
307,3.75
308,3.75
309,3.75
310,3.75
311,3.75
312,3.75
313,3.75
314,3.75
315,3.75
316,3.75
317,3.75
318,3.75
319,3.75
320,3.75
321,3.75
322,3.75
323,3.75
324,3.75
325,3.75
326,3.75
327,3.75
328,3.75
329,3.75
330,3.75
331,3.75
332,3.75
333,3.75
334,3.75
335,3.75
336,3.75
337,3.75
338,3.75
339,3.75
340,3.75
341,3.75
342,3.75
343,3.75
344,3.75
345,3.75
346,3.75
347,3.75
348,3.75
349,3.75
350,3.75
351,3.75
352,3.75
353,3.75
354,3.75
355,3.75
356,3.75
357,3.75
358,3.75
359,3.75
360,3.75
361,3.75
362,3.75
363,3.75
364,3.75
365,3.75
366,3.75
367,3.75
368,3.75
369,3.75
370,3.75
371,3.75
372,3.75
373,3.75
374,3.75
375,3.75
376,3.75
377,3.75
378,3.75
379,3.75
380,3.75
381,3.75
382,3.75
383,3.75
384,3.75
385,3.75
386,3.75
387,3.75
388,3.75
389,3.75
390,3.75
391,3.75
392,3.75
393,3.75
394,3.75
395,3.75
396,3.75
397,3.75
398,3.75
399,3.75
400,3.75
401,3.6
402,3.6
403,3.6
404,3.6
405,3.6
406,3.6
407,3.6
408,3.6
409,3.6
410,3.6
411,3.6
412,3.6
413,3.6
414,3.6
415,3.6
416,3.6
417,3.6
418,3.6
419,3.6
420,3.6
421,3.6
422,3.6
423,3.6
424,3.6
425,3.6
426,3.6
427,3.6
428,3.6
429,3.6
430,3.6
431,3.6
432,3.6
433,3.6
434,3.6
435,3.6
436,3.6
437,3.6
438,3.6
439,3.6
440,3.6
441,3.6
442,3.6
443,3.6
444,3.6
445,3.6
446,3.6
447,3.6
448,3.6
449,3.6
450,3.6
451,3.6
452,3.6
453,3.6
454,3.6
455,3.6
456,3.6
457,3.6
458,3.6
459,3.6
460,3.6
461,3.6
462,3.6
463,3.6
464,3.6
465,3.6
466,3.6
467,3.6
468,3.6
469,3.6
470,3.6
471,3.6
472,3.6
473,3.6
474,3.6
475,3.6
476,3.6
477,3.6
478,3.6
479,3.6
480,3.6
481,3.6
482,3.6
483,3.6
484,3.6
485,3.6
486,3.6
487,3.6
488,3.6
489,3.6
490,3.6
491,3.6
492,3.6
493,3.6
494,3.6
495,3.6
496,3.6
497,3.6
498,3.6
499,3.6
500,3.6
501,3.5
502,3.5
503,3.5
504,3.5
505,3.5
506,3.5
507,3.5
508,3.5
509,3.5
510,3.5
511,3.5
512,3.5
513,3.5
514,3.5
515,3.5
516,3.5
517,3.5
518,3.5
519,3.5
520,3.5
521,3.5
522,3.5
523,3.5
524,3.5
525,3.5
526,3.5
527,3.5
528,3.5
529,3.5
530,3.5
531,3.5
532,3.5
533,3.5
534,3.5
535,3.5
536,3.5
537,3.5
538,3.5
539,3.5
540,3.5
541,3.5
542,3.5
543,3.5
544,3.5
545,3.5
546,3.5
547,3.5
548,3.5
549,3.5
550,3.5
551,3.5
552,3.5
553,3.5
554,3.5
555,3.5
556,3.5
557,3.5
558,3.5
559,3.5
560,3.5
561,3.5
562,3.5
563,3.5
564,3.5
565,3.5
566,3.5
567,3.5
568,3.5
569,3.5
570,3.5
571,3.5
572,3.5
573,3.5
574,3.5
575,3.5
576,3.5
577,3.5
578,3.5
579,3.5
580,3.5
581,3.5
582,3.5
583,3.5
584,3.5
585,3.5
586,3.5
587,3.5
588,3.5
589,3.5
590,3.5
591,3.5
592,3.5
593,3.5
594,3.5
595,3.5
596,3.5
597,3.5
598,3.5
599,3.5
600,3.5
601,3.4285714285714284
602,3.4285714285714284
603,3.4285714285714284
604,3.4285714285714284
605,3.4285714285714284
606,3.4285714285714284
607,3.4285714285714284
608,3.4285714285714284
609,3.4285714285714284
610,3.4285714285714284
611,3.4285714285714284
612,3.4285714285714284
613,3.4285714285714284
614,3.4285714285714284
615,3.4285714285714284
616,3.4285714285714284
617,3.4285714285714284
618,3.4285714285714284
619,3.4285714285714284
620,3.4285714285714284
621,3.4285714285714284
622,3.4285714285714284
623,3.4285714285714284
624,3.4285714285714284
625,3.4285714285714284
626,3.4285714285714284
627,3.4285714285714284
628,3.4285714285714284
629,3.4285714285714284
630,3.4285714285714284
631,3.4285714285714284
632,3.4285714285714284
633,3.4285714285714284
634,3.4285714285714284
635,3.4285714285714284
636,3.4285714285714284
637,3.4285714285714284
638,3.4285714285714284
639,3.4285714285714284
640,3.4285714285714284
641,3.4285714285714284
642,3.4285714285714284
643,3.4285714285714284
644,3.4285714285714284
645,3.4285714285714284
646,3.4285714285714284
647,3.4285714285714284
648,3.4285714285714284
649,3.4285714285714284
650,3.4285714285714284
651,3.4285714285714284
652,3.4285714285714284
653,3.4285714285714284
654,3.4285714285714284
655,3.4285714285714284
656,3.4285714285714284
657,3.4285714285714284
658,3.4285714285714284
659,3.4285714285714284
660,3.4285714285714284
661,3.4285714285714284
662,3.4285714285714284
663,3.4285714285714284
664,3.4285714285714284
665,3.4285714285714284
666,3.4285714285714284
667,3.4285714285714284
668,3.4285714285714284
669,3.4285714285714284
670,3.4285714285714284
671,3.4285714285714284
672,3.4285714285714284
673,3.4285714285714284
674,3.4285714285714284
675,3.4285714285714284
676,3.4285714285714284
677,3.4285714285714284
678,3.4285714285714284
679,3.4285714285714284
680,3.4285714285714284
681,3.4285714285714284
682,3.4285714285714284
683,3.4285714285714284
684,3.4285714285714284
685,3.4285714285714284
686,3.4285714285714284
687,3.4285714285714284
688,3.4285714285714284
689,3.4285714285714284
690,3.4285714285714284
691,3.4285714285714284
692,3.4285714285714284
693,3.4285714285714284
694,3.4285714285714284
695,3.4285714285714284
696,3.4285714285714284
697,3.4285714285714284
698,3.4285714285714284
699,3.4285714285714284
700,3.4285714285714284
701,3.375
702,3.375
703,3.375
704,3.375
705,3.375
706,3.375
707,3.375
708,3.375
709,3.375
710,3.375
711,3.375
712,3.375
713,3.375
714,3.375
715,3.375
716,3.375
717,3.375
718,3.375
719,3.375
720,3.375
721,3.375
722,3.375
723,3.375
724,3.375
725,3.375
726,3.375
727,3.375
728,3.375
729,3.375
730,3.375
731,3.375
732,3.375
733,3.375
734,3.375
735,3.375
736,3.375
737,3.375
738,3.375
739,3.375
740,3.375
741,3.375
742,3.375
743,3.375
744,3.375
745,3.375
746,3.375
747,3.375
748,3.375
749,3.375
750,3.375
751,3.375
752,3.375
753,3.375
754,3.375
755,3.375
756,3.375
757,3.375
758,3.375
759,3.375
760,3.375
761,3.375
762,3.375
763,3.375
764,3.375
765,3.375
766,3.375
767,3.375
768,3.375
769,3.375
770,3.375
771,3.375
772,3.375
773,3.375
774,3.375
775,3.375
776,3.375
777,3.375
778,3.375
779,3.375
780,3.375
781,3.375
782,3.375
783,3.375
784,3.375
785,3.375
786,3.375
787,3.375
788,3.375
789,3.375
790,3.375
791,3.375
792,3.375
793,3.375
794,3.375
795,3.375
796,3.375
797,3.375
798,3.375
799,3.375
800,3.375
801,3.3333333333333335
802,3.3333333333333335
803,3.3333333333333335
804,3.3333333333333335
805,3.3333333333333335
806,3.3333333333333335
807,3.3333333333333335
808,3.3333333333333335
809,3.3333333333333335
810,3.3333333333333335
811,3.3333333333333335
812,3.3333333333333335
813,3.3333333333333335
814,3.3333333333333335
815,3.3333333333333335
816,3.3333333333333335
817,3.3333333333333335
818,3.3333333333333335
819,3.3333333333333335
820,3.3333333333333335
821,3.3333333333333335
822,3.3333333333333335
823,3.3333333333333335
824,3.3333333333333335
825,3.3333333333333335
826,3.3333333333333335
827,3.3333333333333335
828,3.3333333333333335
829,3.3333333333333335
830,3.3333333333333335
831,3.3333333333333335
832,3.3333333333333335
833,3.3333333333333335
834,3.3333333333333335
835,3.3333333333333335
836,3.3333333333333335
837,3.3333333333333335
838,3.3333333333333335
839,3.3333333333333335
840,3.3333333333333335
841,3.3333333333333335
842,3.3333333333333335
843,3.3333333333333335
844,3.3333333333333335
845,3.3333333333333335
846,3.3333333333333335
847,3.3333333333333335
848,3.3333333333333335
849,3.3333333333333335
850,3.3333333333333335
851,3.3333333333333335
852,3.3333333333333335
853,3.3333333333333335
854,3.3333333333333335
855,3.3333333333333335
856,3.3333333333333335
857,3.3333333333333335
858,3.3333333333333335
859,3.3333333333333335
860,3.3333333333333335
861,3.3333333333333335
862,3.3333333333333335
863,3.3333333333333335
864,3.3333333333333335
865,3.3333333333333335
866,3.3333333333333335
867,3.3333333333333335
868,3.3333333333333335
869,3.3333333333333335
870,3.3333333333333335
871,3.3333333333333335
872,3.3333333333333335
873,3.3333333333333335
874,3.3333333333333335
875,3.3333333333333335
876,3.3333333333333335
877,3.3333333333333335
878,3.3333333333333335
879,3.3333333333333335
880,3.3333333333333335
881,3.3333333333333335
882,3.3333333333333335
883,3.3333333333333335
884,3.3333333333333335
885,3.3333333333333335
886,3.3333333333333335
887,3.3333333333333335
888,3.3333333333333335
889,3.3333333333333335
890,3.3333333333333335
891,3.3333333333333335
892,3.3333333333333335
893,3.3333333333333335
894,3.3333333333333335
895,3.3333333333333335
896,3.3333333333333335
897,3.3333333333333335
898,3.3333333333333335
899,3.3333333333333335
900,3.3333333333333335
901,3.3
902,3.3
903,3.3
904,3.3
905,3.3
906,3.3
907,3.3
908,3.3
909,3.3
910,3.3
911,3.3
912,3.3
913,3.3
914,3.3
915,3.3
916,3.3
917,3.3
918,3.3
919,3.3
920,3.3
921,3.3
922,3.3
923,3.3
924,3.3
925,3.3
926,3.3
927,3.3
928,3.3
929,3.3
930,3.3
931,3.3
932,3.3
933,3.3
934,3.3
935,3.3
936,3.3
937,3.3
938,3.3
939,3.3
940,3.3
941,3.3
942,3.3
943,3.3
944,3.3
945,3.3
946,3.3
947,3.3
948,3.3
949,3.3
950,3.3
951,3.3
952,3.3
953,3.3
954,3.3
955,3.3
956,3.3
957,3.3
958,3.3
959,3.3
960,3.3
961,3.3
962,3.3
963,3.3
964,3.3
965,3.3
966,3.3
967,3.3
968,3.3
969,3.3
970,3.3
971,3.3
972,3.3
973,3.3
974,3.3
975,3.3
976,3.3
977,3.3
978,3.3
979,3.3
980,3.3
981,3.3
982,3.3
983,3.3
984,3.3
985,3.3
986,3.3
987,3.3
988,3.3
989,3.3
990,3.3
991,3.3
992,3.3
993,3.3
994,3.3
995,3.3
996,3.3
997,3.3
998,3.3
999,3.3
1000,3.3
1001,3.272727272727273
1002,3.272727272727273
1003,3.272727272727273
1004,3.272727272727273
1005,3.272727272727273
1006,3.272727272727273
1007,3.272727272727273
1008,3.272727272727273
1009,3.272727272727273
1010,3.272727272727273
1011,3.272727272727273
1012,3.272727272727273
1013,3.272727272727273
1014,3.272727272727273
1015,3.272727272727273
1016,3.272727272727273
1017,3.272727272727273
1018,3.272727272727273
1019,3.272727272727273
1020,3.272727272727273
1021,3.272727272727273
1022,3.272727272727273
1023,3.272727272727273
1024,3.272727272727273
1025,3.272727272727273
1026,3.272727272727273
1027,3.272727272727273
1028,3.272727272727273
1029,3.272727272727273
1030,3.272727272727273
1031,3.272727272727273
1032,3.272727272727273
1033,3.272727272727273
1034,3.272727272727273
1035,3.272727272727273
1036,3.272727272727273
1037,3.272727272727273
1038,3.272727272727273
1039,3.272727272727273
1040,3.272727272727273
1041,3.272727272727273
1042,3.272727272727273
1043,3.272727272727273
1044,3.272727272727273
1045,3.272727272727273
1046,3.272727272727273
1047,3.272727272727273
1048,3.272727272727273
1049,3.272727272727273
1050,3.272727272727273
1051,3.272727272727273
1052,3.272727272727273
1053,3.272727272727273
1054,3.272727272727273
1055,3.272727272727273
1056,3.272727272727273
1057,3.272727272727273
1058,3.272727272727273
1059,3.272727272727273
1060,3.272727272727273
1061,3.272727272727273
1062,3.272727272727273
1063,3.272727272727273
1064,3.272727272727273
1065,3.272727272727273
1066,3.272727272727273
1067,3.272727272727273
1068,3.272727272727273
1069,3.272727272727273
1070,3.272727272727273
1071,3.272727272727273
1072,3.272727272727273
1073,3.272727272727273
1074,3.272727272727273
1075,3.272727272727273
1076,3.272727272727273
1077,3.272727272727273
1078,3.272727272727273
1079,3.272727272727273
1080,3.272727272727273
1081,3.272727272727273
1082,3.272727272727273
1083,3.272727272727273
1084,3.272727272727273
1085,3.272727272727273
1086,3.272727272727273
1087,3.272727272727273
1088,3.272727272727273
1089,3.272727272727273
1090,3.272727272727273
1091,3.272727272727273
1092,3.272727272727273
1093,3.272727272727273
1094,3.272727272727273
1095,3.272727272727273
1096,3.272727272727273
1097,3.272727272727273
1098,3.272727272727273
1099,3.272727272727273
1100,3.272727272727273
1101,3.25
1102,3.25
1103,3.25
1104,3.25
1105,3.25
1106,3.25
1107,3.25
1108,3.25
1109,3.25
1110,3.25
1111,3.25
1112,3.25
1113,3.25
1114,3.25
1115,3.25
1116,3.25
1117,3.25
1118,3.25
1119,3.25
1120,3.25
1121,3.25
1122,3.25
1123,3.25
1124,3.25
1125,3.25
1126,3.25
1127,3.25
1128,3.25
1129,3.25
1130,3.25
1131,3.25
1132,3.25
1133,3.25
1134,3.25
1135,3.25
1136,3.25
1137,3.25
1138,3.25
1139,3.25
1140,3.25
1141,3.25
1142,3.25
1143,3.25
1144,3.25
1145,3.25
1146,3.25
1147,3.25
1148,3.25
1149,3.25
1150,3.25
1151,3.25
1152,3.25
1153,3.25
1154,3.25
1155,3.25
1156,3.25
1157,3.25
1158,3.25
1159,3.25
1160,3.25
1161,3.25
1162,3.25
1163,3.25
1164,3.25
1165,3.25
1166,3.25
1167,3.25
1168,3.25
1169,3.25
1170,3.25
1171,3.25
1172,3.25
1173,3.25
1174,3.25
1175,3.25
1176,3.25
1177,3.25
1178,3.25
1179,3.25
1180,3.25
1181,3.25
1182,3.25
1183,3.25
1184,3.25
1185,3.25
1186,3.25
1187,3.25
1188,3.25
1189,3.25
1190,3.25
1191,3.25
1192,3.25
1193,3.25
1194,3.25
1195,3.25
1196,3.25
1197,3.25
1198,3.25
1199,3.25
1200,3.25
1201,3.230769230769231
1202,3.230769230769231
1203,3.230769230769231
1204,3.230769230769231
1205,3.230769230769231
1206,3.230769230769231
1207,3.230769230769231
1208,3.230769230769231
1209,3.230769230769231
1210,3.230769230769231
1211,3.230769230769231
1212,3.230769230769231
1213,3.230769230769231
1214,3.230769230769231
1215,3.230769230769231
1216,3.230769230769231
1217,3.230769230769231
1218,3.230769230769231
1219,3.230769230769231
1220,3.230769230769231
1221,3.230769230769231
1222,3.230769230769231
1223,3.230769230769231
1224,3.230769230769231
1225,3.230769230769231
1226,3.230769230769231
1227,3.230769230769231
1228,3.230769230769231
1229,3.230769230769231
1230,3.230769230769231
1231,3.230769230769231
1232,3.230769230769231
1233,3.230769230769231
1234,3.230769230769231
1235,3.230769230769231
1236,3.230769230769231
1237,3.230769230769231
1238,3.230769230769231
1239,3.230769230769231
1240,3.230769230769231
1241,3.230769230769231
1242,3.230769230769231
1243,3.230769230769231
1244,3.230769230769231
1245,3.230769230769231
1246,3.230769230769231
1247,3.230769230769231
1248,3.230769230769231
1249,3.230769230769231
1250,3.230769230769231
1251,3.230769230769231
1252,3.230769230769231
1253,3.230769230769231
1254,3.230769230769231
1255,3.230769230769231
1256,3.230769230769231
1257,3.230769230769231
1258,3.230769230769231
1259,3.230769230769231
1260,3.230769230769231
1261,3.230769230769231
1262,3.230769230769231
1263,3.230769230769231
1264,3.230769230769231
1265,3.230769230769231
1266,3.230769230769231
1267,3.230769230769231
1268,3.230769230769231
1269,3.230769230769231
1270,3.230769230769231
1271,3.230769230769231
1272,3.230769230769231
1273,3.230769230769231
1274,3.230769230769231
1275,3.230769230769231
1276,3.230769230769231
1277,3.230769230769231
1278,3.230769230769231
1279,3.230769230769231
1280,3.230769230769231
1281,3.230769230769231
1282,3.230769230769231
1283,3.230769230769231
1284,3.230769230769231
1285,3.230769230769231
1286,3.230769230769231
1287,3.230769230769231
1288,3.230769230769231
1289,3.230769230769231
1290,3.230769230769231
1291,3.230769230769231
1292,3.230769230769231
1293,3.230769230769231
1294,3.230769230769231
1295,3.230769230769231
1296,3.230769230769231
1297,3.230769230769231
1298,3.230769230769231
1299,3.230769230769231
1300,3.230769230769231
1301,3.2142857142857144
1302,3.2142857142857144
1303,3.2142857142857144
1304,3.2142857142857144
1305,3.2142857142857144
1306,3.2142857142857144
1307,3.2142857142857144
1308,3.2142857142857144
1309,3.2142857142857144
1310,3.2142857142857144
1311,3.2142857142857144
1312,3.2142857142857144
1313,3.2142857142857144
1314,3.2142857142857144
1315,3.2142857142857144
1316,3.2142857142857144
1317,3.2142857142857144
1318,3.2142857142857144
1319,3.2142857142857144
1320,3.2142857142857144
1321,3.2142857142857144
1322,3.2142857142857144
1323,3.2142857142857144
1324,3.2142857142857144
1325,3.2142857142857144
1326,3.2142857142857144
1327,3.2142857142857144
1328,3.2142857142857144
1329,3.2142857142857144
1330,3.2142857142857144
1331,3.2142857142857144
1332,3.2142857142857144
1333,3.2142857142857144
1334,3.2142857142857144
1335,3.2142857142857144
1336,3.2142857142857144
1337,3.2142857142857144
1338,3.2142857142857144
1339,3.2142857142857144
1340,3.2142857142857144
1341,3.2142857142857144
1342,3.2142857142857144
1343,3.2142857142857144
1344,3.2142857142857144
1345,3.2142857142857144
1346,3.2142857142857144
1347,3.2142857142857144
1348,3.2142857142857144
1349,3.2142857142857144
1350,3.2142857142857144
1351,3.2142857142857144
1352,3.2142857142857144
1353,3.2142857142857144
1354,3.2142857142857144
1355,3.2142857142857144
1356,3.2142857142857144
1357,3.2142857142857144
1358,3.2142857142857144
1359,3.2142857142857144
1360,3.2142857142857144
1361,3.2142857142857144
1362,3.2142857142857144
1363,3.2142857142857144
1364,3.2142857142857144
1365,3.2142857142857144
1366,3.2142857142857144
1367,3.2142857142857144
1368,3.2142857142857144
1369,3.2142857142857144
1370,3.2142857142857144
1371,3.2142857142857144
1372,3.2142857142857144
1373,3.2142857142857144
1374,3.2142857142857144
1375,3.2142857142857144
1376,3.2142857142857144
1377,3.2142857142857144
1378,3.2142857142857144
1379,3.2142857142857144
1380,3.2142857142857144
1381,3.2142857142857144
1382,3.2142857142857144
1383,3.2142857142857144
1384,3.2142857142857144
1385,3.2142857142857144
1386,3.2142857142857144
1387,3.2142857142857144
1388,3.2142857142857144
1389,3.2142857142857144
1390,3.2142857142857144
1391,3.2142857142857144
1392,3.2142857142857144
1393,3.2142857142857144
1394,3.2142857142857144
1395,3.2142857142857144
1396,3.2142857142857144
1397,3.2142857142857144
1398,3.2142857142857144
1399,3.2142857142857144
1400,3.2142857142857144
1401,3.2
1402,3.2
1403,3.2
1404,3.2
1405,3.2
1406,3.2
1407,3.2
1408,3.2
1409,3.2
1410,3.2
1411,3.2
1412,3.2
1413,3.2
1414,3.2
1415,3.2
1416,3.2
1417,3.2
1418,3.2
1419,3.2
1420,3.2
1421,3.2
1422,3.2
1423,3.2
1424,3.2
1425,3.2
1426,3.2
1427,3.2
1428,3.2
1429,3.2
1430,3.2
1431,3.2
1432,3.2
1433,3.2
1434,3.2
1435,3.2
1436,3.2
1437,3.2
1438,3.2
1439,3.2
1440,3.2
1441,3.2
1442,3.2
1443,3.2
1444,3.2
1445,3.2
1446,3.2
1447,3.2
1448,3.2
1449,3.2
1450,3.2
1451,3.2
1452,3.2
1453,3.2
1454,3.2
1455,3.2
1456,3.2
1457,3.2
1458,3.2
1459,3.2
1460,3.2
1461,3.2
1462,3.2
1463,3.2
1464,3.2
1465,3.2
1466,3.2
1467,3.2
1468,3.2
1469,3.2
1470,3.2
1471,3.2
1472,3.2
1473,3.2
1474,3.2
1475,3.2
1476,3.2
1477,3.2
1478,3.2
1479,3.2
1480,3.2
1481,3.2
1482,3.2
1483,3.2
1484,3.2
1485,3.2
1486,3.2
1487,3.2
1488,3.2
1489,3.2
1490,3.2
1491,3.2
1492,3.2
1493,3.2
1494,3.2
1495,3.2
1496,3.2
1497,3.2
1498,3.2
1499,3.2
1500,3.2
1501,3.1875
1502,3.1875
1503,3.1875
1504,3.1875
1505,3.1875
1506,3.1875
1507,3.1875
1508,3.1875
1509,3.1875
1510,3.1875
1511,3.1875
1512,3.1875
1513,3.1875
1514,3.1875
1515,3.1875
1516,3.1875
1517,3.1875
1518,3.1875
1519,3.1875
1520,3.1875
1521,3.1875
1522,3.1875
1523,3.1875
1524,3.1875
1525,3.1875
1526,3.1875
1527,3.1875
1528,3.1875
1529,3.1875
1530,3.1875
1531,3.1875
1532,3.1875
1533,3.1875
1534,3.1875
1535,3.1875
1536,3.1875
1537,3.1875
1538,3.1875
1539,3.1875
1540,3.1875
1541,3.1875
1542,3.1875
1543,3.1875
1544,3.1875
1545,3.1875
1546,3.1875
1547,3.1875
1548,3.1875
1549,3.1875
1550,3.1875
1551,3.1875
1552,3.1875
1553,3.1875
1554,3.1875
1555,3.1875
1556,3.1875
1557,3.1875
1558,3.1875
1559,3.1875
1560,3.1875
1561,3.1875
1562,3.1875
1563,3.1875
1564,3.1875
1565,3.1875
1566,3.1875
1567,3.1875
1568,3.1875
1569,3.1875
1570,3.1875
1571,3.1875
1572,3.1875
1573,3.1875
1574,3.1875
1575,3.1875
1576,3.1875
1577,3.1875
1578,3.1875
1579,3.1875
1580,3.1875
1581,3.1875
1582,3.1875
1583,3.1875
1584,3.1875
1585,3.1875
1586,3.1875
1587,3.1875
1588,3.1875
1589,3.1875
1590,3.1875
1591,3.1875
1592,3.1875
1593,3.1875
1594,3.1875
1595,3.1875
1596,3.1875
1597,3.1875
1598,3.1875
1599,3.1875
1600,3.1875
1601,3.176470588235294
1602,3.176470588235294
1603,3.176470588235294
1604,3.176470588235294
1605,3.176470588235294
1606,3.176470588235294
1607,3.176470588235294
1608,3.176470588235294
1609,3.176470588235294
1610,3.176470588235294
1611,3.176470588235294
1612,3.176470588235294
1613,3.176470588235294
1614,3.176470588235294
1615,3.176470588235294
1616,3.176470588235294
1617,3.176470588235294
1618,3.176470588235294
1619,3.176470588235294
1620,3.176470588235294
1621,3.176470588235294
1622,3.176470588235294
1623,3.176470588235294
1624,3.176470588235294
1625,3.176470588235294
1626,3.176470588235294
1627,3.176470588235294
1628,3.176470588235294
1629,3.176470588235294
1630,3.176470588235294
1631,3.176470588235294
1632,3.176470588235294
1633,3.176470588235294
1634,3.176470588235294
1635,3.176470588235294
1636,3.176470588235294
1637,3.176470588235294
1638,3.176470588235294
1639,3.176470588235294
1640,3.176470588235294
1641,3.176470588235294
1642,3.176470588235294
1643,3.176470588235294
1644,3.176470588235294
1645,3.176470588235294
1646,3.176470588235294
1647,3.176470588235294
1648,3.176470588235294
1649,3.176470588235294
1650,3.176470588235294
1651,3.176470588235294
1652,3.176470588235294
1653,3.176470588235294
1654,3.176470588235294
1655,3.176470588235294
1656,3.176470588235294
1657,3.176470588235294
1658,3.176470588235294
1659,3.176470588235294
1660,3.176470588235294
1661,3.176470588235294
1662,3.176470588235294
1663,3.176470588235294
1664,3.176470588235294
1665,3.176470588235294
1666,3.176470588235294
1667,3.176470588235294
1668,3.176470588235294
1669,3.176470588235294
1670,3.176470588235294
1671,3.176470588235294
1672,3.176470588235294
1673,3.176470588235294
1674,3.176470588235294
1675,3.176470588235294
1676,3.176470588235294
1677,3.176470588235294
1678,3.176470588235294
1679,3.176470588235294
1680,3.176470588235294
1681,3.176470588235294
1682,3.176470588235294
1683,3.176470588235294
1684,3.176470588235294
1685,3.176470588235294
1686,3.176470588235294
1687,3.176470588235294
1688,3.176470588235294
1689,3.176470588235294
1690,3.176470588235294
1691,3.176470588235294
1692,3.176470588235294
1693,3.176470588235294
1694,3.176470588235294
1695,3.176470588235294
1696,3.176470588235294
1697,3.176470588235294
1698,3.176470588235294
1699,3.176470588235294
1700,3.176470588235294
1701,3.1666666666666665
1702,3.1666666666666665
1703,3.1666666666666665
1704,3.1666666666666665
1705,3.1666666666666665
1706,3.1666666666666665
1707,3.1666666666666665
1708,3.1666666666666665
1709,3.1666666666666665
1710,3.1666666666666665
1711,3.1666666666666665
1712,3.1666666666666665
1713,3.1666666666666665
1714,3.1666666666666665
1715,3.1666666666666665
1716,3.1666666666666665
1717,3.1666666666666665
1718,3.1666666666666665
1719,3.1666666666666665
1720,3.1666666666666665
1721,3.1666666666666665
1722,3.1666666666666665
1723,3.1666666666666665
1724,3.1666666666666665
1725,3.1666666666666665
1726,3.1666666666666665
1727,3.1666666666666665
1728,3.1666666666666665
1729,3.1666666666666665
1730,3.1666666666666665
1731,3.1666666666666665
1732,3.1666666666666665
1733,3.1666666666666665
1734,3.1666666666666665
1735,3.1666666666666665
1736,3.1666666666666665
1737,3.1666666666666665
1738,3.1666666666666665
1739,3.1666666666666665
1740,3.1666666666666665
1741,3.1666666666666665
1742,3.1666666666666665
1743,3.1666666666666665
1744,3.1666666666666665
1745,3.1666666666666665
1746,3.1666666666666665
1747,3.1666666666666665
1748,3.1666666666666665
1749,3.1666666666666665
1750,3.1666666666666665
1751,3.1666666666666665
1752,3.1666666666666665
1753,3.1666666666666665
1754,3.1666666666666665
1755,3.1666666666666665
1756,3.1666666666666665
1757,3.1666666666666665
1758,3.1666666666666665
1759,3.1666666666666665
1760,3.1666666666666665
1761,3.1666666666666665
1762,3.1666666666666665
1763,3.1666666666666665
1764,3.1666666666666665
1765,3.1666666666666665
1766,3.1666666666666665
1767,3.1666666666666665
1768,3.1666666666666665
1769,3.1666666666666665
1770,3.1666666666666665
1771,3.1666666666666665
1772,3.1666666666666665
1773,3.1666666666666665
1774,3.1666666666666665
1775,3.1666666666666665
1776,3.1666666666666665
1777,3.1666666666666665
1778,3.1666666666666665
1779,3.1666666666666665
1780,3.1666666666666665
1781,3.1666666666666665
1782,3.1666666666666665
1783,3.1666666666666665
1784,3.1666666666666665
1785,3.1666666666666665
1786,3.1666666666666665
1787,3.1666666666666665
1788,3.1666666666666665
1789,3.1666666666666665
1790,3.1666666666666665
1791,3.1666666666666665
1792,3.1666666666666665
1793,3.1666666666666665
1794,3.1666666666666665
1795,3.1666666666666665
1796,3.1666666666666665
1797,3.1666666666666665
1798,3.1666666666666665
1799,3.1666666666666665
1800,3.1666666666666665
1801,3.1578947368421053
1802,3.1578947368421053
1803,3.1578947368421053
1804,3.1578947368421053
1805,3.1578947368421053
1806,3.1578947368421053
1807,3.1578947368421053
1808,3.1578947368421053
1809,3.1578947368421053
1810,3.1578947368421053
1811,3.1578947368421053
1812,3.1578947368421053
1813,3.1578947368421053
1814,3.1578947368421053
1815,3.1578947368421053
1816,3.1578947368421053
1817,3.1578947368421053
1818,3.1578947368421053
1819,3.1578947368421053
1820,3.1578947368421053
1821,3.1578947368421053
1822,3.1578947368421053
1823,3.1578947368421053
1824,3.1578947368421053
1825,3.1578947368421053
1826,3.1578947368421053
1827,3.1578947368421053
1828,3.1578947368421053
1829,3.1578947368421053
1830,3.1578947368421053
1831,3.1578947368421053
1832,3.1578947368421053
1833,3.1578947368421053
1834,3.1578947368421053
1835,3.1578947368421053
1836,3.1578947368421053
1837,3.1578947368421053
1838,3.1578947368421053
1839,3.1578947368421053
1840,3.1578947368421053
1841,3.1578947368421053
1842,3.1578947368421053
1843,3.1578947368421053
1844,3.1578947368421053
1845,3.1578947368421053
1846,3.1578947368421053
1847,3.1578947368421053
1848,3.1578947368421053
1849,3.1578947368421053
1850,3.1578947368421053
1851,3.1578947368421053
1852,3.1578947368421053
1853,3.1578947368421053
1854,3.1578947368421053
1855,3.1578947368421053
1856,3.1578947368421053
1857,3.1578947368421053
1858,3.1578947368421053
1859,3.1578947368421053
1860,3.1578947368421053
1861,3.1578947368421053
1862,3.1578947368421053
1863,3.1578947368421053
1864,3.1578947368421053
1865,3.1578947368421053
1866,3.1578947368421053
1867,3.1578947368421053
1868,3.1578947368421053
1869,3.1578947368421053
1870,3.1578947368421053
1871,3.1578947368421053
1872,3.1578947368421053
1873,3.1578947368421053
1874,3.1578947368421053
1875,3.1578947368421053
1876,3.1578947368421053
1877,3.1578947368421053
1878,3.1578947368421053
1879,3.1578947368421053
1880,3.1578947368421053
1881,3.1578947368421053
1882,3.1578947368421053
1883,3.1578947368421053
1884,3.1578947368421053
1885,3.1578947368421053
1886,3.1578947368421053
1887,3.1578947368421053
1888,3.1578947368421053
1889,3.1578947368421053
1890,3.1578947368421053
1891,3.1578947368421053
1892,3.1578947368421053
1893,3.1578947368421053
1894,3.1578947368421053
1895,3.1578947368421053
1896,3.1578947368421053
1897,3.1578947368421053
1898,3.1578947368421053
1899,3.1578947368421053
1900,3.1578947368421053
1901,3.15
1902,3.15
1903,3.15
1904,3.15
1905,3.15
1906,3.15
1907,3.15
1908,3.15
1909,3.15
1910,3.15
1911,3.15
1912,3.15
1913,3.15
1914,3.15
1915,3.15
1916,3.15
1917,3.15
1918,3.15
1919,3.15
1920,3.15
1921,3.15
1922,3.15
1923,3.15
1924,3.15
1925,3.15
1926,3.15
1927,3.15
1928,3.15
1929,3.15
1930,3.15
1931,3.15
1932,3.15
1933,3.15
1934,3.15
1935,3.15
1936,3.15
1937,3.15
1938,3.15
1939,3.15
1940,3.15
1941,3.15
1942,3.15
1943,3.15
1944,3.15
1945,3.15
1946,3.15
1947,3.15
1948,3.15
1949,3.15
1950,3.15
1951,3.15
1952,3.15
1953,3.15
1954,3.15
1955,3.15
1956,3.15
1957,3.15
1958,3.15
1959,3.15
1960,3.15
1961,3.15
1962,3.15
1963,3.15
1964,3.15
1965,3.15
1966,3.15
1967,3.15
1968,3.15
1969,3.15
1970,3.15
1971,3.15
1972,3.15
1973,3.15
1974,3.15
1975,3.15
1976,3.15
1977,3.15
1978,3.15
1979,3.15
1980,3.15
1981,3.15
1982,3.15
1983,3.15
1984,3.15
1985,3.15
1986,3.15
1987,3.15
1988,3.15
1989,3.15
1990,3.15
1991,3.15
1992,3.15
1993,3.15
1994,3.15
1995,3.15
1996,3.15
1997,3.15
1998,3.15
1999,3.15
2000,3.15
2001,3.142857142857143
2002,3.142857142857143
2003,3.142857142857143
2004,3.142857142857143
2005,3.142857142857143
2006,3.142857142857143
2007,3.142857142857143
2008,3.142857142857143
2009,3.142857142857143
2010,3.142857142857143
2011,3.142857142857143
2012,3.142857142857143
2013,3.142857142857143
2014,3.142857142857143
2015,3.142857142857143
2016,3.142857142857143
2017,3.142857142857143
2018,3.142857142857143
2019,3.142857142857143
2020,3.142857142857143
2021,3.142857142857143
2022,3.142857142857143
2023,3.142857142857143
2024,3.142857142857143
2025,3.142857142857143
2026,3.142857142857143
2027,3.142857142857143
2028,3.142857142857143
2029,3.142857142857143
2030,3.142857142857143
2031,3.142857142857143
2032,3.142857142857143
2033,3.142857142857143
2034,3.142857142857143
2035,3.142857142857143
2036,3.142857142857143
2037,3.142857142857143
2038,3.142857142857143
2039,3.142857142857143
2040,3.142857142857143
2041,3.142857142857143
2042,3.142857142857143
2043,3.142857142857143
2044,3.142857142857143
2045,3.142857142857143
2046,3.142857142857143
2047,3.142857142857143
2048,3.142857142857143
2049,3.142857142857143
2050,3.142857142857143
2051,3.142857142857143
2052,3.142857142857143
2053,3.142857142857143
2054,3.142857142857143
2055,3.142857142857143
2056,3.142857142857143
2057,3.142857142857143
2058,3.142857142857143
2059,3.142857142857143
2060,3.142857142857143
2061,3.142857142857143
2062,3.142857142857143
2063,3.142857142857143
2064,3.142857142857143
2065,3.142857142857143
2066,3.142857142857143
2067,3.142857142857143
2068,3.142857142857143
2069,3.142857142857143
2070,3.142857142857143
2071,3.142857142857143
2072,3.142857142857143
2073,3.142857142857143
2074,3.142857142857143
2075,3.142857142857143
2076,3.142857142857143
2077,3.142857142857143
2078,3.142857142857143
2079,3.142857142857143
2080,3.142857142857143
2081,3.142857142857143
2082,3.142857142857143
2083,3.142857142857143
2084,3.142857142857143
2085,3.142857142857143
2086,3.142857142857143
2087,3.142857142857143
2088,3.142857142857143
2089,3.142857142857143
2090,3.142857142857143
2091,3.142857142857143
2092,3.142857142857143
2093,3.142857142857143
2094,3.142857142857143
2095,3.142857142857143
2096,3.142857142857143
2097,3.142857142857143
2098,3.142857142857143
2099,3.142857142857143
2100,3.142857142857143
2101,3.1363636363636362
2102,3.1363636363636362
2103,3.1363636363636362
2104,3.1363636363636362
2105,3.1363636363636362
2106,3.1363636363636362
2107,3.1363636363636362
2108,3.1363636363636362
2109,3.1363636363636362
2110,3.1363636363636362
2111,3.1363636363636362
2112,3.1363636363636362
2113,3.1363636363636362
2114,3.1363636363636362
2115,3.1363636363636362
2116,3.1363636363636362
2117,3.1363636363636362
2118,3.1363636363636362
2119,3.1363636363636362
2120,3.1363636363636362
2121,3.1363636363636362
2122,3.1363636363636362
2123,3.1363636363636362
2124,3.1363636363636362
2125,3.1363636363636362
2126,3.1363636363636362
2127,3.1363636363636362
2128,3.1363636363636362
2129,3.1363636363636362
2130,3.1363636363636362
2131,3.1363636363636362
2132,3.1363636363636362
2133,3.1363636363636362
2134,3.1363636363636362
2135,3.1363636363636362
2136,3.1363636363636362
2137,3.1363636363636362
2138,3.1363636363636362
2139,3.1363636363636362
2140,3.1363636363636362
2141,3.1363636363636362
2142,3.1363636363636362
2143,3.1363636363636362
2144,3.1363636363636362
2145,3.1363636363636362
2146,3.1363636363636362
2147,3.1363636363636362
2148,3.1363636363636362
2149,3.1363636363636362
2150,3.1363636363636362
2151,3.1363636363636362
2152,3.1363636363636362
2153,3.1363636363636362
2154,3.1363636363636362
2155,3.1363636363636362
2156,3.1363636363636362
2157,3.1363636363636362
2158,3.1363636363636362
2159,3.1363636363636362
2160,3.1363636363636362
2161,3.1363636363636362
2162,3.1363636363636362
2163,3.1363636363636362
2164,3.1363636363636362
2165,3.1363636363636362
2166,3.1363636363636362
2167,3.1363636363636362
2168,3.1363636363636362
2169,3.1363636363636362
2170,3.1363636363636362
2171,3.1363636363636362
2172,3.1363636363636362
2173,3.1363636363636362
2174,3.1363636363636362
2175,3.1363636363636362
2176,3.1363636363636362
2177,3.1363636363636362
2178,3.1363636363636362
2179,3.1363636363636362
2180,3.1363636363636362
2181,3.1363636363636362
2182,3.1363636363636362
2183,3.1363636363636362
2184,3.1363636363636362
2185,3.1363636363636362
2186,3.1363636363636362
2187,3.1363636363636362
2188,3.1363636363636362
2189,3.1363636363636362
2190,3.1363636363636362
2191,3.1363636363636362
2192,3.1363636363636362
2193,3.1363636363636362
2194,3.1363636363636362
2195,3.1363636363636362
2196,3.1363636363636362
2197,3.1363636363636362
2198,3.1363636363636362
2199,3.1363636363636362
2200,3.1363636363636362
2201,3.130434782608696
2202,3.130434782608696
2203,3.130434782608696
2204,3.130434782608696
2205,3.130434782608696
2206,3.130434782608696
2207,3.130434782608696
2208,3.130434782608696
2209,3.130434782608696
2210,3.130434782608696
2211,3.130434782608696
2212,3.130434782608696
2213,3.130434782608696
2214,3.130434782608696
2215,3.130434782608696
2216,3.130434782608696
2217,3.130434782608696
2218,3.130434782608696
2219,3.130434782608696
2220,3.130434782608696
2221,3.130434782608696
2222,3.130434782608696
2223,3.130434782608696
2224,3.130434782608696
2225,3.130434782608696
2226,3.130434782608696
2227,3.130434782608696
2228,3.130434782608696
2229,3.130434782608696
2230,3.130434782608696
2231,3.130434782608696
2232,3.130434782608696
2233,3.130434782608696
2234,3.130434782608696
2235,3.130434782608696
2236,3.130434782608696
2237,3.130434782608696
2238,3.130434782608696
2239,3.130434782608696
2240,3.130434782608696
2241,3.130434782608696
2242,3.130434782608696
2243,3.130434782608696
2244,3.130434782608696
2245,3.130434782608696
2246,3.130434782608696
2247,3.130434782608696
2248,3.130434782608696
2249,3.130434782608696
2250,3.130434782608696
2251,3.130434782608696
2252,3.130434782608696
2253,3.130434782608696
2254,3.130434782608696
2255,3.130434782608696
2256,3.130434782608696
2257,3.130434782608696
2258,3.130434782608696
2259,3.130434782608696
2260,3.130434782608696
2261,3.130434782608696
2262,3.130434782608696
2263,3.130434782608696
2264,3.130434782608696
2265,3.130434782608696
2266,3.130434782608696
2267,3.130434782608696
2268,3.130434782608696
2269,3.130434782608696
2270,3.130434782608696
2271,3.130434782608696
2272,3.130434782608696
2273,3.130434782608696
2274,3.130434782608696
2275,3.130434782608696
2276,3.130434782608696
2277,3.130434782608696
2278,3.130434782608696
2279,3.130434782608696
2280,3.130434782608696
2281,3.130434782608696
2282,3.130434782608696
2283,3.130434782608696
2284,3.130434782608696
2285,3.130434782608696
2286,3.130434782608696
2287,3.130434782608696
2288,3.130434782608696
2289,3.130434782608696
2290,3.130434782608696
2291,3.130434782608696
2292,3.130434782608696
2293,3.130434782608696
2294,3.130434782608696
2295,3.130434782608696
2296,3.130434782608696
2297,3.130434782608696
2298,3.130434782608696
2299,3.130434782608696
2300,3.130434782608696
2301,3.125
2302,3.125
2303,3.125
2304,3.125
2305,3.125
2306,3.125
2307,3.125
2308,3.125
2309,3.125
2310,3.125
2311,3.125
2312,3.125
2313,3.125
2314,3.125
2315,3.125
2316,3.125
2317,3.125
2318,3.125
2319,3.125
2320,3.125
2321,3.125
2322,3.125
2323,3.125
2324,3.125
2325,3.125
2326,3.125
2327,3.125
2328,3.125
2329,3.125
2330,3.125
2331,3.125
2332,3.125
2333,3.125
2334,3.125
2335,3.125
2336,3.125
2337,3.125
2338,3.125
2339,3.125
2340,3.125
2341,3.125
2342,3.125
2343,3.125
2344,3.125
2345,3.125
2346,3.125
2347,3.125
2348,3.125
2349,3.125
2350,3.125
2351,3.125
2352,3.125
2353,3.125
2354,3.125
2355,3.125
2356,3.125
2357,3.125
2358,3.125
2359,3.125
2360,3.125
2361,3.125
2362,3.125
2363,3.125
2364,3.125
2365,3.125
2366,3.125
2367,3.125
2368,3.125
2369,3.125
2370,3.125
2371,3.125
2372,3.125
2373,3.125
2374,3.125
2375,3.125
2376,3.125
2377,3.125
2378,3.125
2379,3.125
2380,3.125
2381,3.125
2382,3.125
2383,3.125
2384,3.125
2385,3.125
2386,3.125
2387,3.125
2388,3.125
2389,3.125
2390,3.125
2391,3.125
2392,3.125
2393,3.125
2394,3.125
2395,3.125
2396,3.125
2397,3.125
2398,3.125
2399,3.125
2400,3.125
2401,3.12
2402,3.12
2403,3.12
2404,3.12
2405,3.12
2406,3.12
2407,3.12
2408,3.12
2409,3.12
2410,3.12
2411,3.12
2412,3.12
2413,3.12
2414,3.12
2415,3.12
2416,3.12
2417,3.12
2418,3.12
2419,3.12
2420,3.12
2421,3.12
2422,3.12
2423,3.12
2424,3.12
2425,3.12
2426,3.12
2427,3.12
2428,3.12
2429,3.12
2430,3.12
2431,3.12
2432,3.12
2433,3.12
2434,3.12
2435,3.12
2436,3.12
2437,3.12
2438,3.12
2439,3.12
2440,3.12
2441,3.12
2442,3.12
2443,3.12
2444,3.12
2445,3.12
2446,3.12
2447,3.12
2448,3.12
2449,3.12
2450,3.12
2451,3.12
2452,3.12
2453,3.12
2454,3.12
2455,3.12
2456,3.12
2457,3.12
2458,3.12
2459,3.12
2460,3.12
2461,3.12
2462,3.12
2463,3.12
2464,3.12
2465,3.12
2466,3.12
2467,3.12
2468,3.12
2469,3.12
2470,3.12
2471,3.12
2472,3.12
2473,3.12
2474,3.12
2475,3.12
2476,3.12
2477,3.12
2478,3.12
2479,3.12
2480,3.12
2481,3.12
2482,3.12
2483,3.12
2484,3.12
2485,3.12
2486,3.12
2487,3.12
2488,3.12
2489,3.12
2490,3.12
2491,3.12
2492,3.12
2493,3.12
2494,3.12
2495,3.12
2496,3.12
2497,3.12
2498,3.12
2499,3.12
2500,3.12
2501,3.1153846153846154
2502,3.1153846153846154
2503,3.1153846153846154
2504,3.1153846153846154
2505,3.1153846153846154
2506,3.1153846153846154
2507,3.1153846153846154
2508,3.1153846153846154
2509,3.1153846153846154
2510,3.1153846153846154
2511,3.1153846153846154
2512,3.1153846153846154
2513,3.1153846153846154
2514,3.1153846153846154
2515,3.1153846153846154
2516,3.1153846153846154
2517,3.1153846153846154
2518,3.1153846153846154
2519,3.1153846153846154
2520,3.1153846153846154
2521,3.1153846153846154
2522,3.1153846153846154
2523,3.1153846153846154
2524,3.1153846153846154
2525,3.1153846153846154
2526,3.1153846153846154
2527,3.1153846153846154
2528,3.1153846153846154
2529,3.1153846153846154
2530,3.1153846153846154
2531,3.1153846153846154
2532,3.1153846153846154
2533,3.1153846153846154
2534,3.1153846153846154
2535,3.1153846153846154
2536,3.1153846153846154
2537,3.1153846153846154
2538,3.1153846153846154
2539,3.1153846153846154
2540,3.1153846153846154
2541,3.1153846153846154
2542,3.1153846153846154
2543,3.1153846153846154
2544,3.1153846153846154
2545,3.1153846153846154
2546,3.1153846153846154
2547,3.1153846153846154
2548,3.1153846153846154
2549,3.1153846153846154
2550,3.1153846153846154
2551,3.1153846153846154
2552,3.1153846153846154
2553,3.1153846153846154
2554,3.1153846153846154
2555,3.1153846153846154
2556,3.1153846153846154
2557,3.1153846153846154
2558,3.1153846153846154
2559,3.1153846153846154
2560,3.1153846153846154
2561,3.1153846153846154
2562,3.1153846153846154
2563,3.1153846153846154
2564,3.1153846153846154
2565,3.1153846153846154
2566,3.1153846153846154
2567,3.1153846153846154
2568,3.1153846153846154
2569,3.1153846153846154
2570,3.1153846153846154
2571,3.1153846153846154
2572,3.1153846153846154
2573,3.1153846153846154
2574,3.1153846153846154
2575,3.1153846153846154
2576,3.1153846153846154
2577,3.1153846153846154
2578,3.1153846153846154
2579,3.1153846153846154
2580,3.1153846153846154
2581,3.1153846153846154
2582,3.1153846153846154
2583,3.1153846153846154
2584,3.1153846153846154
2585,3.1153846153846154
2586,3.1153846153846154
2587,3.1153846153846154
2588,3.1153846153846154
2589,3.1153846153846154
2590,3.1153846153846154
2591,3.1153846153846154
2592,3.1153846153846154
2593,3.1153846153846154
2594,3.1153846153846154
2595,3.1153846153846154
2596,3.1153846153846154
2597,3.1153846153846154
2598,3.1153846153846154
2599,3.1153846153846154
2600,3.1153846153846154
2601,3.111111111111111
2602,3.111111111111111
2603,3.111111111111111
2604,3.111111111111111
2605,3.111111111111111
2606,3.111111111111111
2607,3.111111111111111
2608,3.111111111111111
2609,3.111111111111111
2610,3.111111111111111
2611,3.111111111111111
2612,3.111111111111111
2613,3.111111111111111
2614,3.111111111111111
2615,3.111111111111111
2616,3.111111111111111
2617,3.111111111111111
2618,3.111111111111111
2619,3.111111111111111
2620,3.111111111111111
2621,3.111111111111111
2622,3.111111111111111
2623,3.111111111111111
2624,3.111111111111111
2625,3.111111111111111
2626,3.111111111111111
2627,3.111111111111111
2628,3.111111111111111
2629,3.111111111111111
2630,3.111111111111111
2631,3.111111111111111
2632,3.111111111111111
2633,3.111111111111111
2634,3.111111111111111
2635,3.111111111111111
2636,3.111111111111111
2637,3.111111111111111
2638,3.111111111111111
2639,3.111111111111111
2640,3.111111111111111
2641,3.111111111111111
2642,3.111111111111111
2643,3.111111111111111
2644,3.111111111111111
2645,3.111111111111111
2646,3.111111111111111
2647,3.111111111111111
2648,3.111111111111111
2649,3.111111111111111
2650,3.111111111111111
2651,3.111111111111111
2652,3.111111111111111
2653,3.111111111111111
2654,3.111111111111111
2655,3.111111111111111
2656,3.111111111111111
2657,3.111111111111111
2658,3.111111111111111
2659,3.111111111111111
2660,3.111111111111111
2661,3.111111111111111
2662,3.111111111111111
2663,3.111111111111111
2664,3.111111111111111
2665,3.111111111111111
2666,3.111111111111111
2667,3.111111111111111
2668,3.111111111111111
2669,3.111111111111111
2670,3.111111111111111
2671,3.111111111111111
2672,3.111111111111111
2673,3.111111111111111
2674,3.111111111111111
2675,3.111111111111111
2676,3.111111111111111
2677,3.111111111111111
2678,3.111111111111111
2679,3.111111111111111
2680,3.111111111111111
2681,3.111111111111111
2682,3.111111111111111
2683,3.111111111111111
2684,3.111111111111111
2685,3.111111111111111
2686,3.111111111111111
2687,3.111111111111111
2688,3.111111111111111
2689,3.111111111111111
2690,3.111111111111111
2691,3.111111111111111
2692,3.111111111111111
2693,3.111111111111111
2694,3.111111111111111
2695,3.111111111111111
2696,3.111111111111111
2697,3.111111111111111
2698,3.111111111111111
2699,3.111111111111111
2700,3.111111111111111
2701,3.107142857142857
2702,3.107142857142857
2703,3.107142857142857
2704,3.107142857142857
2705,3.107142857142857
2706,3.107142857142857
2707,3.107142857142857
2708,3.107142857142857
2709,3.107142857142857
2710,3.107142857142857
2711,3.107142857142857
2712,3.107142857142857
2713,3.107142857142857
2714,3.107142857142857
2715,3.107142857142857
2716,3.107142857142857
2717,3.107142857142857
2718,3.107142857142857
2719,3.107142857142857
2720,3.107142857142857
2721,3.107142857142857
2722,3.107142857142857
2723,3.107142857142857
2724,3.107142857142857
2725,3.107142857142857
2726,3.107142857142857
2727,3.107142857142857
2728,3.107142857142857
2729,3.107142857142857
2730,3.107142857142857
2731,3.107142857142857
2732,3.107142857142857
2733,3.107142857142857
2734,3.107142857142857
2735,3.107142857142857
2736,3.107142857142857
2737,3.107142857142857
2738,3.107142857142857
2739,3.107142857142857
2740,3.107142857142857
2741,3.107142857142857
2742,3.107142857142857
2743,3.107142857142857
2744,3.107142857142857
2745,3.107142857142857
2746,3.107142857142857
2747,3.107142857142857
2748,3.107142857142857
2749,3.107142857142857
2750,3.107142857142857
2751,3.107142857142857
2752,3.107142857142857
2753,3.107142857142857
2754,3.107142857142857
2755,3.107142857142857
2756,3.107142857142857
2757,3.107142857142857
2758,3.107142857142857
2759,3.107142857142857
2760,3.107142857142857
2761,3.107142857142857
2762,3.107142857142857
2763,3.107142857142857
2764,3.107142857142857
2765,3.107142857142857
2766,3.107142857142857
2767,3.107142857142857
2768,3.107142857142857
2769,3.107142857142857
2770,3.107142857142857
2771,3.107142857142857
2772,3.107142857142857
2773,3.107142857142857
2774,3.107142857142857
2775,3.107142857142857
2776,3.107142857142857
2777,3.107142857142857
2778,3.107142857142857
2779,3.107142857142857
2780,3.107142857142857
2781,3.107142857142857
2782,3.107142857142857
2783,3.107142857142857
2784,3.107142857142857
2785,3.107142857142857
2786,3.107142857142857
2787,3.107142857142857
2788,3.107142857142857
2789,3.107142857142857
2790,3.107142857142857
2791,3.107142857142857
2792,3.107142857142857
2793,3.107142857142857
2794,3.107142857142857
2795,3.107142857142857
2796,3.107142857142857
2797,3.107142857142857
2798,3.107142857142857
2799,3.107142857142857
2800,3.107142857142857
2801,3.103448275862069
2802,3.103448275862069
2803,3.103448275862069
2804,3.103448275862069
2805,3.103448275862069
2806,3.103448275862069
2807,3.103448275862069
2808,3.103448275862069
2809,3.103448275862069
2810,3.103448275862069
2811,3.103448275862069
2812,3.103448275862069
2813,3.103448275862069
2814,3.103448275862069
2815,3.103448275862069
2816,3.103448275862069
2817,3.103448275862069
2818,3.103448275862069
2819,3.103448275862069
2820,3.103448275862069
2821,3.103448275862069
2822,3.103448275862069
2823,3.103448275862069
2824,3.103448275862069
2825,3.103448275862069
2826,3.103448275862069
2827,3.103448275862069
2828,3.103448275862069
2829,3.103448275862069
2830,3.103448275862069
2831,3.103448275862069
2832,3.103448275862069
2833,3.103448275862069
2834,3.103448275862069
2835,3.103448275862069
2836,3.103448275862069
2837,3.103448275862069
2838,3.103448275862069
2839,3.103448275862069
2840,3.103448275862069
2841,3.103448275862069
2842,3.103448275862069
2843,3.103448275862069
2844,3.103448275862069
2845,3.103448275862069
2846,3.103448275862069
2847,3.103448275862069
2848,3.103448275862069
2849,3.103448275862069
2850,3.103448275862069
2851,3.103448275862069
2852,3.103448275862069
2853,3.103448275862069
2854,3.103448275862069
2855,3.103448275862069
2856,3.103448275862069
2857,3.103448275862069
2858,3.103448275862069
2859,3.103448275862069
2860,3.103448275862069
2861,3.103448275862069
2862,3.103448275862069
2863,3.103448275862069
2864,3.103448275862069
2865,3.103448275862069
2866,3.103448275862069
2867,3.103448275862069
2868,3.103448275862069
2869,3.103448275862069
2870,3.103448275862069
2871,3.103448275862069
2872,3.103448275862069
2873,3.103448275862069
2874,3.103448275862069
2875,3.103448275862069
2876,3.103448275862069
2877,3.103448275862069
2878,3.103448275862069
2879,3.103448275862069
2880,3.103448275862069
2881,3.103448275862069
2882,3.103448275862069
2883,3.103448275862069
2884,3.103448275862069
2885,3.103448275862069
2886,3.103448275862069
2887,3.103448275862069
2888,3.103448275862069
2889,3.103448275862069
2890,3.103448275862069
2891,3.103448275862069
2892,3.103448275862069
2893,3.103448275862069
2894,3.103448275862069
2895,3.103448275862069
2896,3.103448275862069
2897,3.103448275862069
2898,3.103448275862069
2899,3.103448275862069
2900,3.103448275862069
2901,3.1
2902,3.1
2903,3.1
2904,3.1
2905,3.1
2906,3.1
2907,3.1
2908,3.1
2909,3.1
2910,3.1
2911,3.1
2912,3.1
2913,3.1
2914,3.1
2915,3.1
2916,3.1
2917,3.1
2918,3.1
2919,3.1
2920,3.1
2921,3.1
2922,3.1
2923,3.1
2924,3.1
2925,3.1
2926,3.1
2927,3.1
2928,3.1
2929,3.1
2930,3.1
2931,3.1
2932,3.1
2933,3.1
2934,3.1
2935,3.1
2936,3.1
2937,3.1
2938,3.1
2939,3.1
2940,3.1
2941,3.1
2942,3.1
2943,3.1
2944,3.1
2945,3.1
2946,3.1
2947,3.1
2948,3.1
2949,3.1
2950,3.1
2951,3.1
2952,3.1
2953,3.1
2954,3.1
2955,3.1
2956,3.1
2957,3.1
2958,3.1
2959,3.1
2960,3.1
2961,3.1
2962,3.1
2963,3.1
2964,3.1
2965,3.1
2966,3.1
2967,3.1
2968,3.1
2969,3.1
2970,3.1
2971,3.1
2972,3.1
2973,3.1
2974,3.1
2975,3.1
2976,3.1
2977,3.1
2978,3.1
2979,3.1
2980,3.1
2981,3.1
2982,3.1
2983,3.1
2984,3.1
2985,3.1
2986,3.1
2987,3.1
2988,3.1
2989,3.1
2990,3.1
2991,3.1
2992,3.1
2993,3.1
2994,3.1
2995,3.1
2996,3.1
2997,3.1
2998,3.1
2999,3.1
3000,3.1
3001,3.096774193548387
3002,3.096774193548387
3003,3.096774193548387
3004,3.096774193548387
3005,3.096774193548387
3006,3.096774193548387
3007,3.096774193548387
3008,3.096774193548387
3009,3.096774193548387
3010,3.096774193548387
3011,3.096774193548387
3012,3.096774193548387
3013,3.096774193548387
3014,3.096774193548387
3015,3.096774193548387
3016,3.096774193548387
3017,3.096774193548387
3018,3.096774193548387
3019,3.096774193548387
3020,3.096774193548387
3021,3.096774193548387
3022,3.096774193548387
3023,3.096774193548387
3024,3.096774193548387
3025,3.096774193548387
3026,3.096774193548387
3027,3.096774193548387
3028,3.096774193548387
3029,3.096774193548387
3030,3.096774193548387
3031,3.096774193548387
3032,3.096774193548387
3033,3.096774193548387
3034,3.096774193548387
3035,3.096774193548387
3036,3.096774193548387
3037,3.096774193548387
3038,3.096774193548387
3039,3.096774193548387
3040,3.096774193548387
3041,3.096774193548387
3042,3.096774193548387
3043,3.096774193548387
3044,3.096774193548387
3045,3.096774193548387
3046,3.096774193548387
3047,3.096774193548387
3048,3.096774193548387
3049,3.096774193548387
3050,3.096774193548387
3051,3.096774193548387
3052,3.096774193548387
3053,3.096774193548387
3054,3.096774193548387
3055,3.096774193548387
3056,3.096774193548387
3057,3.096774193548387
3058,3.096774193548387
3059,3.096774193548387
3060,3.096774193548387
3061,3.096774193548387
3062,3.096774193548387
3063,3.096774193548387
3064,3.096774193548387
3065,3.096774193548387
3066,3.096774193548387
3067,3.096774193548387
3068,3.096774193548387
3069,3.096774193548387
3070,3.096774193548387
3071,3.096774193548387
3072,3.096774193548387
3073,3.096774193548387
3074,3.096774193548387
3075,3.096774193548387
3076,3.096774193548387
3077,3.096774193548387
3078,3.096774193548387
3079,3.096774193548387
3080,3.096774193548387
3081,3.096774193548387
3082,3.096774193548387
3083,3.096774193548387
3084,3.096774193548387
3085,3.096774193548387
3086,3.096774193548387
3087,3.096774193548387
3088,3.096774193548387
3089,3.096774193548387
3090,3.096774193548387
3091,3.096774193548387
3092,3.096774193548387
3093,3.096774193548387
3094,3.096774193548387
3095,3.096774193548387
3096,3.096774193548387
3097,3.096774193548387
3098,3.096774193548387
3099,3.096774193548387
3100,3.096774193548387
3101,3.09375
3102,3.09375
3103,3.09375
3104,3.09375
3105,3.09375
3106,3.09375
3107,3.09375
3108,3.09375
3109,3.09375
3110,3.09375
3111,3.09375
3112,3.09375
3113,3.09375
3114,3.09375
3115,3.09375
3116,3.09375
3117,3.09375
3118,3.09375
3119,3.09375
3120,3.09375
3121,3.09375
3122,3.09375
3123,3.09375
3124,3.09375
3125,3.09375
3126,3.09375
3127,3.09375
3128,3.09375
3129,3.09375
3130,3.09375
3131,3.09375
3132,3.09375
3133,3.09375
3134,3.09375
3135,3.09375
3136,3.09375
3137,3.09375
3138,3.09375
3139,3.09375
3140,3.09375
3141,3.09375
3142,3.09375
3143,3.09375
3144,3.09375
3145,3.09375
3146,3.09375
3147,3.09375
3148,3.09375
3149,3.09375
3150,3.09375
3151,3.09375
3152,3.09375
3153,3.09375
3154,3.09375
3155,3.09375
3156,3.09375
3157,3.09375
3158,3.09375
3159,3.09375
3160,3.09375
3161,3.09375
3162,3.09375
3163,3.09375
3164,3.09375
3165,3.09375
3166,3.09375
3167,3.09375
3168,3.09375
3169,3.09375
3170,3.09375
3171,3.09375
3172,3.09375
3173,3.09375
3174,3.09375
3175,3.09375
3176,3.09375
3177,3.09375
3178,3.09375
3179,3.09375
3180,3.09375
3181,3.09375
3182,3.09375
3183,3.09375
3184,3.09375
3185,3.09375
3186,3.09375
3187,3.09375
3188,3.09375
3189,3.09375
3190,3.09375
3191,3.09375
3192,3.09375
3193,3.09375
3194,3.09375
3195,3.09375
3196,3.09375
3197,3.09375
3198,3.09375
3199,3.09375
3200,3.09375
3201,3.090909090909091
3202,3.090909090909091
3203,3.090909090909091
3204,3.090909090909091
3205,3.090909090909091
3206,3.090909090909091
3207,3.090909090909091
3208,3.090909090909091
3209,3.090909090909091
3210,3.090909090909091
3211,3.090909090909091
3212,3.090909090909091
3213,3.090909090909091
3214,3.090909090909091
3215,3.090909090909091
3216,3.090909090909091
3217,3.090909090909091
3218,3.090909090909091
3219,3.090909090909091
3220,3.090909090909091
3221,3.090909090909091
3222,3.090909090909091
3223,3.090909090909091
3224,3.090909090909091
3225,3.090909090909091
3226,3.090909090909091
3227,3.090909090909091
3228,3.090909090909091
3229,3.090909090909091
3230,3.090909090909091
3231,3.090909090909091
3232,3.090909090909091
3233,3.090909090909091
3234,3.090909090909091
3235,3.090909090909091
3236,3.090909090909091
3237,3.090909090909091
3238,3.090909090909091
3239,3.090909090909091
3240,3.090909090909091
3241,3.090909090909091
3242,3.090909090909091
3243,3.090909090909091
3244,3.090909090909091
3245,3.090909090909091
3246,3.090909090909091
3247,3.090909090909091
3248,3.090909090909091
3249,3.090909090909091
3250,3.090909090909091
3251,3.090909090909091
3252,3.090909090909091
3253,3.090909090909091
3254,3.090909090909091
3255,3.090909090909091
3256,3.090909090909091
3257,3.090909090909091
3258,3.090909090909091
3259,3.090909090909091
3260,3.090909090909091
3261,3.090909090909091
3262,3.090909090909091
3263,3.090909090909091
3264,3.090909090909091
3265,3.090909090909091
3266,3.090909090909091
3267,3.090909090909091
3268,3.090909090909091
3269,3.090909090909091
3270,3.090909090909091
3271,3.090909090909091
3272,3.090909090909091
3273,3.090909090909091
3274,3.090909090909091
3275,3.090909090909091
3276,3.090909090909091
3277,3.090909090909091
3278,3.090909090909091
3279,3.090909090909091
3280,3.090909090909091
3281,3.090909090909091
3282,3.090909090909091
3283,3.090909090909091
3284,3.090909090909091
3285,3.090909090909091
3286,3.090909090909091
3287,3.090909090909091
3288,3.090909090909091
3289,3.090909090909091
3290,3.090909090909091
3291,3.090909090909091
3292,3.090909090909091
3293,3.090909090909091
3294,3.090909090909091
3295,3.090909090909091
3296,3.090909090909091
3297,3.090909090909091
3298,3.090909090909091
3299,3.090909090909091
3300,3.090909090909091
3301,3.088235294117647
3302,3.088235294117647
3303,3.088235294117647
3304,3.088235294117647
3305,3.088235294117647
3306,3.088235294117647
3307,3.088235294117647
3308,3.088235294117647
3309,3.088235294117647
3310,3.088235294117647
3311,3.088235294117647
3312,3.088235294117647
3313,3.088235294117647
3314,3.088235294117647
3315,3.088235294117647
3316,3.088235294117647
3317,3.088235294117647
3318,3.088235294117647
3319,3.088235294117647
3320,3.088235294117647
3321,3.088235294117647
3322,3.088235294117647
3323,3.088235294117647
3324,3.088235294117647
3325,3.088235294117647
3326,3.088235294117647
3327,3.088235294117647
3328,3.088235294117647
3329,3.088235294117647
3330,3.088235294117647
3331,3.088235294117647
3332,3.088235294117647
3333,3.088235294117647
3334,3.088235294117647
3335,3.088235294117647
3336,3.088235294117647
3337,3.088235294117647
3338,3.088235294117647
3339,3.088235294117647
3340,3.088235294117647
3341,3.088235294117647
3342,3.088235294117647
3343,3.088235294117647
3344,3.088235294117647
3345,3.088235294117647
3346,3.088235294117647
3347,3.088235294117647
3348,3.088235294117647
3349,3.088235294117647
3350,3.088235294117647
3351,3.088235294117647
3352,3.088235294117647
3353,3.088235294117647
3354,3.088235294117647
3355,3.088235294117647
3356,3.088235294117647
3357,3.088235294117647
3358,3.088235294117647
3359,3.088235294117647
3360,3.088235294117647
3361,3.088235294117647
3362,3.088235294117647
3363,3.088235294117647
3364,3.088235294117647
3365,3.088235294117647
3366,3.088235294117647
3367,3.088235294117647
3368,3.088235294117647
3369,3.088235294117647
3370,3.088235294117647
3371,3.088235294117647
3372,3.088235294117647
3373,3.088235294117647
3374,3.088235294117647
3375,3.088235294117647
3376,3.088235294117647
3377,3.088235294117647
3378,3.088235294117647
3379,3.088235294117647
3380,3.088235294117647
3381,3.088235294117647
3382,3.088235294117647
3383,3.088235294117647
3384,3.088235294117647
3385,3.088235294117647
3386,3.088235294117647
3387,3.088235294117647
3388,3.088235294117647
3389,3.088235294117647
3390,3.088235294117647
3391,3.088235294117647
3392,3.088235294117647
3393,3.088235294117647
3394,3.088235294117647
3395,3.088235294117647
3396,3.088235294117647
3397,3.088235294117647
3398,3.088235294117647
3399,3.088235294117647
3400,3.088235294117647
3401,3.085714285714286
3402,3.085714285714286
3403,3.085714285714286
3404,3.085714285714286
3405,3.085714285714286
3406,3.085714285714286
3407,3.085714285714286
3408,3.085714285714286
3409,3.085714285714286
3410,3.085714285714286
3411,3.085714285714286
3412,3.085714285714286
3413,3.085714285714286
3414,3.085714285714286
3415,3.085714285714286
3416,3.085714285714286
3417,3.085714285714286
3418,3.085714285714286
3419,3.085714285714286
3420,3.085714285714286
3421,3.085714285714286
3422,3.085714285714286
3423,3.085714285714286
3424,3.085714285714286
3425,3.085714285714286
3426,3.085714285714286
3427,3.085714285714286
3428,3.085714285714286
3429,3.085714285714286
3430,3.085714285714286
3431,3.085714285714286
3432,3.085714285714286
3433,3.085714285714286
3434,3.085714285714286
3435,3.085714285714286
3436,3.085714285714286
3437,3.085714285714286
3438,3.085714285714286
3439,3.085714285714286
3440,3.085714285714286
3441,3.085714285714286
3442,3.085714285714286
3443,3.085714285714286
3444,3.085714285714286
3445,3.085714285714286
3446,3.085714285714286
3447,3.085714285714286
3448,3.085714285714286
3449,3.085714285714286
3450,3.085714285714286
3451,3.085714285714286
3452,3.085714285714286
3453,3.085714285714286
3454,3.085714285714286
3455,3.085714285714286
3456,3.085714285714286
3457,3.085714285714286
3458,3.085714285714286
3459,3.085714285714286
3460,3.085714285714286
3461,3.085714285714286
3462,3.085714285714286
3463,3.085714285714286
3464,3.085714285714286
3465,3.085714285714286
3466,3.085714285714286
3467,3.085714285714286
3468,3.085714285714286
3469,3.085714285714286
3470,3.085714285714286
3471,3.085714285714286
3472,3.085714285714286
3473,3.085714285714286
3474,3.085714285714286
3475,3.085714285714286
3476,3.085714285714286
3477,3.085714285714286
3478,3.085714285714286
3479,3.085714285714286
3480,3.085714285714286
3481,3.085714285714286
3482,3.085714285714286
3483,3.085714285714286
3484,3.085714285714286
3485,3.085714285714286
3486,3.085714285714286
3487,3.085714285714286
3488,3.085714285714286
3489,3.085714285714286
3490,3.085714285714286
3491,3.085714285714286
3492,3.085714285714286
3493,3.085714285714286
3494,3.085714285714286
3495,3.085714285714286
3496,3.085714285714286
3497,3.085714285714286
3498,3.085714285714286
3499,3.085714285714286
3500,3.085714285714286
3501,3.0833333333333335
3502,3.0833333333333335
3503,3.0833333333333335
3504,3.0833333333333335
3505,3.0833333333333335
3506,3.0833333333333335
3507,3.0833333333333335
3508,3.0833333333333335
3509,3.0833333333333335
3510,3.0833333333333335
3511,3.0833333333333335
3512,3.0833333333333335
3513,3.0833333333333335
3514,3.0833333333333335
3515,3.0833333333333335
3516,3.0833333333333335
3517,3.0833333333333335
3518,3.0833333333333335
3519,3.0833333333333335
3520,3.0833333333333335
3521,3.0833333333333335
3522,3.0833333333333335
3523,3.0833333333333335
3524,3.0833333333333335
3525,3.0833333333333335
3526,3.0833333333333335
3527,3.0833333333333335
3528,3.0833333333333335
3529,3.0833333333333335
3530,3.0833333333333335
3531,3.0833333333333335
3532,3.0833333333333335
3533,3.0833333333333335
3534,3.0833333333333335
3535,3.0833333333333335
3536,3.0833333333333335
3537,3.0833333333333335
3538,3.0833333333333335
3539,3.0833333333333335
3540,3.0833333333333335
3541,3.0833333333333335
3542,3.0833333333333335
3543,3.0833333333333335
3544,3.0833333333333335
3545,3.0833333333333335
3546,3.0833333333333335
3547,3.0833333333333335
3548,3.0833333333333335
3549,3.0833333333333335
3550,3.0833333333333335
3551,3.0833333333333335
3552,3.0833333333333335
3553,3.0833333333333335
3554,3.0833333333333335
3555,3.0833333333333335
3556,3.0833333333333335
3557,3.0833333333333335
3558,3.0833333333333335
3559,3.0833333333333335
3560,3.0833333333333335
3561,3.0833333333333335
3562,3.0833333333333335
3563,3.0833333333333335
3564,3.0833333333333335
3565,3.0833333333333335
3566,3.0833333333333335
3567,3.0833333333333335
3568,3.0833333333333335
3569,3.0833333333333335
3570,3.0833333333333335
3571,3.0833333333333335
3572,3.0833333333333335
3573,3.0833333333333335
3574,3.0833333333333335
3575,3.0833333333333335
3576,3.0833333333333335
3577,3.0833333333333335
3578,3.0833333333333335
3579,3.0833333333333335
3580,3.0833333333333335
3581,3.0833333333333335
3582,3.0833333333333335
3583,3.0833333333333335
3584,3.0833333333333335
3585,3.0833333333333335
3586,3.0833333333333335
3587,3.0833333333333335
3588,3.0833333333333335
3589,3.0833333333333335
3590,3.0833333333333335
3591,3.0833333333333335
3592,3.0833333333333335
3593,3.0833333333333335
3594,3.0833333333333335
3595,3.0833333333333335
3596,3.0833333333333335
3597,3.0833333333333335
3598,3.0833333333333335
3599,3.0833333333333335
3600,3.0833333333333335
3601,3.081081081081081
3602,3.081081081081081
3603,3.081081081081081
3604,3.081081081081081
3605,3.081081081081081
3606,3.081081081081081
3607,3.081081081081081
3608,3.081081081081081
3609,3.081081081081081
3610,3.081081081081081
3611,3.081081081081081
3612,3.081081081081081
3613,3.081081081081081
3614,3.081081081081081
3615,3.081081081081081
3616,3.081081081081081
3617,3.081081081081081
3618,3.081081081081081
3619,3.081081081081081
3620,3.081081081081081
3621,3.081081081081081
3622,3.081081081081081
3623,3.081081081081081
3624,3.081081081081081
3625,3.081081081081081
3626,3.081081081081081
3627,3.081081081081081
3628,3.081081081081081
3629,3.081081081081081
3630,3.081081081081081
3631,3.081081081081081
3632,3.081081081081081
3633,3.081081081081081
3634,3.081081081081081
3635,3.081081081081081
3636,3.081081081081081
3637,3.081081081081081
3638,3.081081081081081
3639,3.081081081081081
3640,3.081081081081081
3641,3.081081081081081
3642,3.081081081081081
3643,3.081081081081081
3644,3.081081081081081
3645,3.081081081081081
3646,3.081081081081081
3647,3.081081081081081
3648,3.081081081081081
3649,3.081081081081081
3650,3.081081081081081
3651,3.081081081081081
3652,3.081081081081081
3653,3.081081081081081
3654,3.081081081081081
3655,3.081081081081081
3656,3.081081081081081
3657,3.081081081081081
3658,3.081081081081081
3659,3.081081081081081
3660,3.081081081081081
3661,3.081081081081081
3662,3.081081081081081
3663,3.081081081081081
3664,3.081081081081081
3665,3.081081081081081
3666,3.081081081081081
3667,3.081081081081081
3668,3.081081081081081
3669,3.081081081081081
3670,3.081081081081081
3671,3.081081081081081
3672,3.081081081081081
3673,3.081081081081081
3674,3.081081081081081
3675,3.081081081081081
3676,3.081081081081081
3677,3.081081081081081
3678,3.081081081081081
3679,3.081081081081081
3680,3.081081081081081
3681,3.081081081081081
3682,3.081081081081081
3683,3.081081081081081
3684,3.081081081081081
3685,3.081081081081081
3686,3.081081081081081
3687,3.081081081081081
3688,3.081081081081081
3689,3.081081081081081
3690,3.081081081081081
3691,3.081081081081081
3692,3.081081081081081
3693,3.081081081081081
3694,3.081081081081081
3695,3.081081081081081
3696,3.081081081081081
3697,3.081081081081081
3698,3.081081081081081
3699,3.081081081081081
3700,3.081081081081081
3701,3.0789473684210527
3702,3.0789473684210527
3703,3.0789473684210527
3704,3.0789473684210527
3705,3.0789473684210527
3706,3.0789473684210527
3707,3.0789473684210527
3708,3.0789473684210527
3709,3.0789473684210527
3710,3.0789473684210527
3711,3.0789473684210527
3712,3.0789473684210527
3713,3.0789473684210527
3714,3.0789473684210527
3715,3.0789473684210527
3716,3.0789473684210527
3717,3.0789473684210527
3718,3.0789473684210527
3719,3.0789473684210527
3720,3.0789473684210527
3721,3.0789473684210527
3722,3.0789473684210527
3723,3.0789473684210527
3724,3.0789473684210527
3725,3.0789473684210527
3726,3.0789473684210527
3727,3.0789473684210527
3728,3.0789473684210527
3729,3.0789473684210527
3730,3.0789473684210527
3731,3.0789473684210527
3732,3.0789473684210527
3733,3.0789473684210527
3734,3.0789473684210527
3735,3.0789473684210527
3736,3.0789473684210527
3737,3.0789473684210527
3738,3.0789473684210527
3739,3.0789473684210527
3740,3.0789473684210527
3741,3.0789473684210527
3742,3.0789473684210527
3743,3.0789473684210527
3744,3.0789473684210527
3745,3.0789473684210527
3746,3.0789473684210527
3747,3.0789473684210527
3748,3.0789473684210527
3749,3.0789473684210527
3750,3.0789473684210527
3751,3.0789473684210527
3752,3.0789473684210527
3753,3.0789473684210527
3754,3.0789473684210527
3755,3.0789473684210527
3756,3.0789473684210527
3757,3.0789473684210527
3758,3.0789473684210527
3759,3.0789473684210527
3760,3.0789473684210527
3761,3.0789473684210527
3762,3.0789473684210527
3763,3.0789473684210527
3764,3.0789473684210527
3765,3.0789473684210527
3766,3.0789473684210527
3767,3.0789473684210527
3768,3.0789473684210527
3769,3.0789473684210527
3770,3.0789473684210527
3771,3.0789473684210527
3772,3.0789473684210527
3773,3.0789473684210527
3774,3.0789473684210527
3775,3.0789473684210527
3776,3.0789473684210527
3777,3.0789473684210527
3778,3.0789473684210527
3779,3.0789473684210527
3780,3.0789473684210527
3781,3.0789473684210527
3782,3.0789473684210527
3783,3.0789473684210527
3784,3.0789473684210527
3785,3.0789473684210527
3786,3.0789473684210527
3787,3.0789473684210527
3788,3.0789473684210527
3789,3.0789473684210527
3790,3.0789473684210527
3791,3.0789473684210527
3792,3.0789473684210527
3793,3.0789473684210527
3794,3.0789473684210527
3795,3.0789473684210527
3796,3.0789473684210527
3797,3.0789473684210527
3798,3.0789473684210527
3799,3.0789473684210527
3800,3.0789473684210527
3801,3.076923076923077
3802,3.076923076923077
3803,3.076923076923077
3804,3.076923076923077
3805,3.076923076923077
3806,3.076923076923077
3807,3.076923076923077
3808,3.076923076923077
3809,3.076923076923077
3810,3.076923076923077
3811,3.076923076923077
3812,3.076923076923077
3813,3.076923076923077
3814,3.076923076923077
3815,3.076923076923077
3816,3.076923076923077
3817,3.076923076923077
3818,3.076923076923077
3819,3.076923076923077
3820,3.076923076923077
3821,3.076923076923077
3822,3.076923076923077
3823,3.076923076923077
3824,3.076923076923077
3825,3.076923076923077
3826,3.076923076923077
3827,3.076923076923077
3828,3.076923076923077
3829,3.076923076923077
3830,3.076923076923077
3831,3.076923076923077
3832,3.076923076923077
3833,3.076923076923077
3834,3.076923076923077
3835,3.076923076923077
3836,3.076923076923077
3837,3.076923076923077
3838,3.076923076923077
3839,3.076923076923077
3840,3.076923076923077
3841,3.076923076923077
3842,3.076923076923077
3843,3.076923076923077
3844,3.076923076923077
3845,3.076923076923077
3846,3.076923076923077
3847,3.076923076923077
3848,3.076923076923077
3849,3.076923076923077
3850,3.076923076923077
3851,3.076923076923077
3852,3.076923076923077
3853,3.076923076923077
3854,3.076923076923077
3855,3.076923076923077
3856,3.076923076923077
3857,3.076923076923077
3858,3.076923076923077
3859,3.076923076923077
3860,3.076923076923077
3861,3.076923076923077
3862,3.076923076923077
3863,3.076923076923077
3864,3.076923076923077
3865,3.076923076923077
3866,3.076923076923077
3867,3.076923076923077
3868,3.076923076923077
3869,3.076923076923077
3870,3.076923076923077
3871,3.076923076923077
3872,3.076923076923077
3873,3.076923076923077
3874,3.076923076923077
3875,3.076923076923077
3876,3.076923076923077
3877,3.076923076923077
3878,3.076923076923077
3879,3.076923076923077
3880,3.076923076923077
3881,3.076923076923077
3882,3.076923076923077
3883,3.076923076923077
3884,3.076923076923077
3885,3.076923076923077
3886,3.076923076923077
3887,3.076923076923077
3888,3.076923076923077
3889,3.076923076923077
3890,3.076923076923077
3891,3.076923076923077
3892,3.076923076923077
3893,3.076923076923077
3894,3.076923076923077
3895,3.076923076923077
3896,3.076923076923077
3897,3.076923076923077
3898,3.076923076923077
3899,3.076923076923077
3900,3.076923076923077
